id,bid,user_id,用户昵称,微博正文,头条文章url,发布位置,艾特用户,话题,转发数,评论数,点赞数,发布时间,发布工具,微博图片url,微博视频url,retweet_id
4477817658326393,IwEolyW4F,6179910877,影音叫兽,#电视剧三生三世枕上书#@Dear-迪丽热巴@深情的高伟光凤九帝君四目相对甜甜蜜蜜，这时魔尊现身欲偷袭凤九！L影音叫兽的微博视频,,,"Dear-迪丽热巴,深情的高伟光",电视剧三生三世枕上书,1,1,6,2020-03-01 23:59,剧版三生三世枕上书超话,,"http://f.video.weibocdn.com/GftwSSKQlx07Bkwimkz601041200a7oA0E010.mp4?label=mp4_ld&template=640x360.25.0&trans_finger=40a32e8439c5409a63ccf853562a60ef&ori=0&ps=1BVp4ysnknHVZu&Expires=1629790487&ssig=eHRs0dBQig&KID=unistore,video",
4477817649647585,IwEokEtMd,2843254753,明月心星辰美,迪丽热巴又开始看一千零一夜了，笑出天际,,,,,0,0,5,2020-03-01 23:59,迪丽热巴超话,,,
4477817544518143,IwEoaiXnh,7119749717,何枝可依01768,今天的网课又没有刷多少持续性废人本人了麻麻炖的鸡肉也太好吃了吧炖土豆简直是人间美味今天是他离开的第十三天在十九岁生日那天也没有大悲大痛只是在十八号和爸妈包饺子的时候忍不住哭了韭菜馅的，有点咸过年又赶上疫情居然长了差不多十斤我后悔了实在是过年太多好吃的了吃蝙蝠的人实在是可恶不管怎么说我大中国这个劫就快走出来了枕上书也忒好看了点好爱我迪丽热巴,,,,,0,0,0,2020-03-01 23:59,红米Redmi,,,
4477817498442060,IwEo5zqag,5563133193,热气扑面而来,宝贝晚安@Dear-迪丽热巴,,,Dear-迪丽热巴,,0,0,3,2020-03-01 23:59,热巴的爱丽丝,,,
4477817293377727,IwEnLeaHt,5883362883,最新影视综艺,《三生三世枕上书》名场面终于来了，白滚滚已下单，请注意查收#电视剧三生三世枕上书##迪丽热巴##高伟光#L最新影视综艺的微博视频,,,,"电视剧三生三世枕上书,迪丽热巴,高伟光",0,0,21,2020-03-01 23:58,Android,,"http://f.video.weibocdn.com/003hZsNEgx07BmQcYwY8010412002JyM0E010.mp4?label=mp4_ld&template=640x360.25.0&trans_finger=40a32e8439c5409a63ccf853562a60ef&ori=0&ps=1BVp4ysnknHVZu&Expires=1629790487&ssig=0HWP%2FkZ%2FzF&KID=unistore,video",
4477817133492214,IwEnveEu2,5027524481,SS石头917,才华横溢的@Dear-迪丽热巴@汪苏泷发新歌K偏偏(电视剧《三生三世枕上书》片尾曲)了！快来#音乐人先锋榜#为TA打榜吧！,,,"Dear-迪丽热巴,汪苏泷",音乐人先锋榜,0,0,1,2020-03-01 23:57,,,,
4477817007661086,IwEniw8ZU,7211551819,亲爱的大宝贝的宝贝疙瘩,迪丽热巴吸取教训，我们粉的是姐姐这个人，姐姐优秀我们也应该努力变得优秀，在阳光下成长的人何必去理会那些黑暗，对黑暗最大的侮辱即漠视，所以请各位姐妹遇到黑暗就送它去答题，然后回到超话来感受温暖，姐姐一直是温暖我们的阳光啊。,,,,,0,0,5,2020-03-01 23:57,迪丽热巴超话,['http://ww1.sinaimg.cn/large/007S2W3Vly1gcev84w1noj30k00ezjsj.jpg'],,
4477816970632641,IwEnf2EzT,6827595835,热巴的女生,迪丽热巴入目无她人四下皆是你.💜@Dear-迪丽热巴,,,Dear-迪丽热巴,,0,0,2,2020-03-01 23:57,迪丽热巴超话,['http://ww3.sinaimg.cn/large/007s3Tztly1gcev9rpxecj30u01jmgsr.jpg'],,
4477816869769666,IwEn4EZxg,6291838029,进击中的小逗比,天了噜！我在迪丽热巴超话又双叒叕升级了！当前等级LV.4，获得江离头衔，小伙伴们速来围观~超话传送门→迪丽热巴,,,,,0,0,0,2020-03-01 23:56,超话,,,
4477816847996601,IwEn2xyhr,5875821900,嘟啦嘟嘛呀,迪丽热巴快一点集美们～,,,,,0,0,1,2020-03-01 23:56,迪丽热巴超话,"['http://ww4.sinaimg.cn/large/006pElGYly1gcev9gjik6j30k0140dk4.jpg', 'http://ww4.sinaimg.cn/large/006pElGYly1gcev9l83m9j30u00sdtcp.jpg']",,
4477816827340990,IwEn0uNJ4,5715468135,小巴宝贝呀,#迪丽热巴白凤九#dlrb#迪丽热巴三生三世枕上书#【迪丽热巴dlrb热巴四字女星九字女星大连日报滴滴叭叭】@Dear-迪丽热巴,,,Dear-迪丽热巴,"迪丽热巴白凤九,迪丽热巴三生三世枕上书",0,0,0,2020-03-01 23:56,Android,"['http://ww4.sinaimg.cn/large/006eNwlVly1gcev9ncnjej31hc2i01kz.jpg', 'http://ww3.sinaimg.cn/large/006eNwlVly1gcev9p04mhj30zs1rle6i.jpg', 'http://ww3.sinaimg.cn/large/006eNwlVly1gcev9qo2dkj31hc0u01jf.jpg']",,
4477816768652268,IwEmUAiQI,5715468135,小巴宝贝呀,#迪丽热巴白凤九#dlrb#迪丽热巴三生三世枕上书#【迪丽热巴dlrb热巴四字女星九字女星大连日报滴滴叭叭】@Dear-迪丽热巴,,,Dear-迪丽热巴,"迪丽热巴白凤九,迪丽热巴三生三世枕上书",0,0,0,2020-03-01 23:56,Android,"['http://ww3.sinaimg.cn/large/006eNwlVly1gcev95hesmj313w218npe.jpg', 'http://ww1.sinaimg.cn/large/006eNwlVly1gcev9girh2g30m00ce1l2.jpg', 'http://ww1.sinaimg.cn/large/006eNwlVly1gcev9iid7wj30s51e07me.jpg']",,
4477816756543856,IwEmTrsm4,6179910896,影视百老汇,【#电视剧三生三世枕上书##迪丽热巴##高伟光#】叶青缇与白凤九论爱情：我的葡萄美酒注定悲！O网页链接,,,,"电视剧三生三世枕上书,迪丽热巴,高伟光",0,0,2,2020-03-01 23:56,微博视频号,,,
4477816714410169,IwEmPivhL,5706741141,小爷要用膳,@Dear-迪丽热巴#迪丽热巴超话#L小爷要用膳的微博视频,,龙岩,Dear-迪丽热巴,迪丽热巴超话,1,0,1,2020-03-01 23:56,OPPO R9s,,"http://f.video.weibocdn.com/0041pdMugx07BmQ2Q1Er010412003nm40E010.mp4?label=mp4_ld&template=360x632.24.0&trans_finger=81b11b8c5ffb62d33ceb3244bdd17e7b&ori=0&ps=1BVp4ysnknHVZu&Expires=1629790508&ssig=mXaxI6ZaAy&KID=unistore,video",
4477816706242118,IwEmOqbRk,6337745127,明星时尚大侦探,迪丽热巴让我流鼻血啦#闪耀吧爱豆#迪丽热巴#记录世界记录你#L名侦探小娱的快手视频,,,,"闪耀吧爱豆 ,记录世界 记录你",2,0,5,2020-03-01 23:55,快手,,http://www.kuaishou.com/rest/kd/partner/weibo/linkcard/video?p=3xa3c3hri8xmqqq&a=3xx79dm55nfvmws&f=3xe4yk6sj6wk8uk,
4477816508742713,IwEmuAGnv,6010343597,风信子小迪,迪丽热巴白凤九#迪丽热巴三生三世枕上书##迪丽热巴白凤九#,,,,"迪丽热巴三生三世枕上书,迪丽热巴白凤九",0,22,4,2020-03-01 23:55,迪丽冷巴超话,"['http://ww1.sinaimg.cn/large/006yKMVLgy1gcev80jr8cj31170m3gmf.jpg', 'http://ww2.sinaimg.cn/large/006yKMVLgy1gcev84hw2bg30no0dcnpp.jpg', 'http://ww3.sinaimg.cn/large/006yKMVLgy1gcev8agcyvg31hc0tsb2q.jpg', 'http://ww1.sinaimg.cn/large/006yKMVLgy1gcev8clyuvg30ts0ts4qs.jpg', 'http://ww3.sinaimg.cn/large/006yKMVLgy1gcev8esfjjj31jk1yf4qt.jpg', 'http://ww2.sinaimg.cn/large/006yKMVLgy1gcev8fc13hj30zk0oydgv.jpg']",,
4477816509269856,IwEmuCTvO,5131940573,Rik-任,迪丽热巴有些心智比较“年轻”的巴粉，切记出去不要口嗨，不会说话那就给自家好的评论点赞就行，时刻记住，粉丝行为偶像买单，专注自家啊，说了好多遍，要是真的为了姐姐好，那就不要给她招黑，败坏路人缘切记，专注自家啊[米奇比心]#迪丽热巴三生三世枕上书#@Dear-迪丽热巴#迪丽热巴白凤九#,,,Dear-迪丽热巴,"迪丽热巴三生三世枕上书,迪丽热巴白凤九",2,0,26,2020-03-01 23:55,迪丽热巴超话,['http://ww1.sinaimg.cn/large/005Bj6b3ly1gcev7ug2wjj30u00u0q57.jpg'],,
4477816446325572,IwEmoqxzm,6573835774,影剧爬虫,#电视剧三生三世枕上书#把帝君嘴咬坏的小白，惊慌失措。主演：迪丽热巴/高伟光O网页链接,,,,电视剧三生三世枕上书,17,11,370,2020-03-01 23:54,三生三世枕上书超话,,,
4477816411963527,IwEml8eNN,5626127649,九色麋鹿DDZ,一生热爱步履不停低调做事谦虚做人@Dear-迪丽热巴永远爱你阿丝们永远是你坚强的后盾加油,,高州市,Dear-迪丽热巴,,0,0,5,2020-03-01 23:54,vivo Z5x性能实力派,,,
4477816399926056,IwEmjFEdG,7010029370,残can叙旧,我在迪丽热巴白凤九超话等级达到LV.4，获得进阶粉丝头衔，老铁双击666，来迪丽热巴白凤九与我畅聊吧！,,,,,0,0,0,2020-03-01 23:54,超话,,,
4477816344969351,IwEmekQKP,7010029370,残can叙旧,叮咚！我是今日份的小奖章！我在迪丽热巴凌凌七超话等级达到LV.4，获得进阶粉丝头衔，想知道我是怎么获得的吗？来迪丽热巴凌凌七找我聊聊吧~,,,,,0,0,0,2020-03-01 23:54,超话,,,
4477816336990207,IwEmdtkth,6020397506,蟹蟹蟹老板x,迪丽热巴理智追星！！现在的状况就是最好的警示！！粉丝都要管好自己，理智追星，不要让爱豆和无辜的人为自己的无脑行为买单！！爱丽丝们还是很优秀的,,,,,0,0,5,2020-03-01 23:54,迪丽热巴超话,,,
4477816307830783,IwEmawR8X,6041830390,剧然是你,【#三生三世枕上书#迪丽热巴高伟光】帝君特辑：东华就是个老小孩，外表冷漠内心狂热~L短片联盟的微博视频,,,,三生三世枕上书,11,2,30,2020-03-01 23:54,剧版三生三世枕上书超话,,"http://f.video.weibocdn.com/wIgu4h5Zlx07BmBaLN7q01041200uK6q0E010.mp4?label=mp4_ld&template=640x360.25.0&trans_finger=40a32e8439c5409a63ccf853562a60ef&ori=0&ps=1BVp4ysnknHVZu&Expires=1629790528&ssig=ctfmXU3e4i&KID=unistore,video",
4477816248452457,IwEm4zsRX,6459305756,圈内路人甲,迪丽热巴高伟光同框情侣头像来啦,,,,,1,1,27,2020-03-01 23:54,nova5Pro人像超级夜景,"['http://ww4.sinaimg.cn/large/00738AuUgy1gcev71i2w1j31jk0srtom.jpg', 'http://ww4.sinaimg.cn/large/00738AuUgy1gcev722i1zj31jk0srh1b.jpg']",,
4477816235812560,IwEm3oo6Y,5643267432,开心饼干w,迪丽热巴怀念那些有自拍的日子,,,,,0,0,11,2020-03-01 23:54,迪丽热巴超话,"['http://ww1.sinaimg.cn/large/0069UzEsly1gcev597py1j315o1qikjl.jpg', 'http://ww2.sinaimg.cn/large/0069UzEsly1gcev51gztzj31e00xcb29.jpg', 'http://ww4.sinaimg.cn/large/0069UzEsly1gcev51wumaj30rd0ybdp0.jpg', 'http://ww1.sinaimg.cn/large/0069UzEsly1gcev52hwokj30xc1e0atv.jpg', 'http://ww3.sinaimg.cn/large/0069UzEsly1gcev530qefj30zk0qqwnr.jpg', 'http://ww3.sinaimg.cn/large/0069UzEsly1gcev53ihwqj30zk0qqdp4.jpg', 'http://ww2.sinaimg.cn/large/0069UzEsly1gcev53ydgxj31jk0rzdw9.jpg', 'http://ww3.sinaimg.cn/large/0069UzEsly1gcev54nr7fj315o1jh1kx.jpg', 'http://ww2.sinaimg.cn/large/0069UzEsly1gcev55ox0wj31e01e04qp.jpg']",,
4477816173426389,IwElXenml,7086313220,星星不睡_我不睡,再不打榜就老了！来#音乐人先锋榜#为@Dear-迪丽热巴@汪苏泷的新作K偏偏(电视剧《三生三世枕上书》片尾曲)打榜吧！,,,"Dear-迪丽热巴,汪苏泷",音乐人先锋榜,0,0,0,2020-03-01 23:53,OPPO R9s,,,
4477816160450369,IwElW1Ta1,1790550774,娱乐鲜报,孙俪罗晋《安家》豆瓣评分6.2黄轩佟丽娅《完美关系》豆瓣评分4.3迪丽热巴高伟光《三生三世枕上书》上涨到6李易峰江疏影《我在北京等你》5.1如果要给别人安利一部剧，你会安利哪部？你会安利哪部？,,,,,28,92,9782,2020-03-01 23:53,,,,
4477816152734033,IwElVbtfj,7235597306,是我的心头肉呀,迪丽热巴什么时候我们的影响力可以翻一倍呢,,,,,0,2,3,2020-03-01 23:53,迪丽热巴超话,['http://ww3.sinaimg.cn/large/007TFPomgy1gcev6j4a1aj30ku112tkt.jpg'],,
4477816140091888,IwElU0nU4,6489322179,静宸go,#迪丽热巴#被迪丽热巴圈粉了。三生三世枕上书演绎的太好了。真是有演技的好演员。@Dear-迪丽热巴,,,Dear-迪丽热巴,迪丽热巴,0,0,0,2020-03-01 23:53,HUAWEI Mate 8,,,
4477816076301754,IwElNqrnc,2938523365,慧光云聚,【#阿兰若沉晔虐#凄美动容】《三生三世枕上书》阿兰若和沉晔这对情虐动容，#迪丽热巴阿兰若#的梦是一个爱而不得的故事吗？阿兰若替兄从军，战死沙场，沉晔可以用毕生修为造出阿兰若的梦境，却再也见不到阿兰若了。太虐心了，好心疼阿兰若命运多舛，#心疼沉晔#悲伤离歌。L微博电视剧的微博视频,,,,"阿兰若沉晔虐,迪丽热巴阿兰若,心疼沉晔",0,0,0,2020-03-01 23:53,荣耀手机 勇敢做自己,,"http://f.video.weibocdn.com/ezlHKiYClx07BkPkHYA001041200oUhM0E010.mp4?label=mp4_ld&template=640x360.25.0&trans_finger=40a32e8439c5409a63ccf853562a60ef&ori=0&ps=1BVp4ysnknHVZu&Expires=1629790528&ssig=BJ6jRfdrA8&KID=unistore,video",
4477816068725877,IwElMABZX,7233563803,87永爱热巴,迪丽热巴今天真的超级高兴，跟朋友聊天，说自己在追剧，朋友问我在追什么剧，我说是三生三世枕上书，她说她妈妈也在追。还有我的一些同学，也都发信息给我问我枕上书好不好看，想追。还有一些同学跟我说热巴好好看，天天都在追。zss实火🔥,,,,,0,0,5,2020-03-01 23:53,迪丽热巴超话,['http://ww2.sinaimg.cn/large/007TxinVgy1gcev6lw8stj30u01hcqv5.jpg'],,
4477815934098883,IwElzhcj1,6574342002,娱乐圈小少爷,#电视剧三生三世枕上书#【三生三世】茶茶真实的磕到啦！看这窃喜的表情是不是和大家一样主演：迪丽热巴/高伟光L娱乐圈小少爷的微博视频,,,,电视剧三生三世枕上书,0,0,9,2020-03-01 23:52,三生三世枕上书超话,,"http://f.video.weibocdn.com/VK4xKJT1lx07BmPP9b60010412004NVu0E010.mp4?label=mp4_ld&template=636x360.25.0&trans_finger=40a32e8439c5409a63ccf853562a60ef&ori=0&ps=1BVp4ysnknHVZu&Expires=1629790528&ssig=Gio0Ourmf6&KID=unistore,video",
4477815925681677,IwElynQ3X,1855052595,蓝星荣耀,我为迪丽热巴贡献10影响力，超话目前还差122235影响力超越上一名！戳这里→O网页链接~跟我一起打榜应援爱豆提升排名吧~,,,,,0,0,0,2020-03-01 23:52,超话,,,
4477815883341484,IwElue1gU,5261655515,元锁清,#电视剧三生三世枕上书##高伟光东华帝君##迪丽热巴白凤九#看月令话这段音乐也好听，有一种悠然空灵的感觉，很配看月令花这个场景L元锁清的微博视频,,,,"电视剧三生三世枕上书,高伟光东华帝君,迪丽热巴白凤九",0,2,6,2020-03-01 23:52,荣耀V10 我AI的快,,"http://f.video.weibocdn.com/003yn16xgx07BmPOCMf60104120045AG0E010.mp4?label=mp4_ld&template=640x360.25.0&trans_finger=647b8232579b0b23561398fc756ef4ae&ori=0&ps=1BVp4ysnknHVZu&Expires=1629790528&ssig=e5tURABf4Q&KID=unistore,video",
4477815867075263,IwElstGB9,6524694589,影视剧先锋,#电视剧三生三世枕上书#枕上书：帝君今日心情突然大好一改从前冷冰冰的模样，是法器造的还顺利。”帝君说是因为送了我糖狐狸。主演：迪丽热巴高伟光陈楚河郭品超L影视剧先锋的微博视频,,,,电视剧三生三世枕上书,4,5,127,2020-03-01 23:52,微博网页,,"http://f.video.weibocdn.com/XoZCVKuFlx07BmGak9Da010412006MSj0E010.mp4?label=mp4_ld&template=644x360.25.0&trans_finger=40a32e8439c5409a63ccf853562a60ef&ori=0&ps=1BVp4ysnknHVZu&Expires=1629790528&ssig=5cMgf62eLp&KID=unistore,video",
4477815800323976,IwElm1mhq,2163179071,热啾,迪丽热巴演员迪丽热巴真的是太有魅力了！,,,,,0,0,1,2020-03-01 23:52,迪丽热巴超话,,,
4477815728938530,IwEleBvjQ,6894897684,正能量姐姐12345,#三生三世枕上书##泰版三生三世枕上书#近期，泰版《枕上书》已出预告片！！！不管是迪丽热巴@Dear-迪丽热巴和高伟光@深情的高伟光两人的高颜值CP组合，还是渐入佳境的剧情进展，都让这部剧的热度满满！三生三世枕上书剧情讲述了青丘帝姬凤九和太晨宫尊神东华之间两千年的纠葛情缘故事！还在等什么，跟着@正能量姐姐12345一起，抱着小零食追剧吧～,,,"Dear-迪丽热巴,深情的高伟光,正能量姐姐12345","三生三世枕上书,泰版三生三世枕上书",0,4,9,2020-03-01 23:52,荣耀20S,['http://ww4.sinaimg.cn/large/007wChRagy1gcev534lltj30sg0g4jyh.jpg'],,
4477815716118528,IwEldpFHW,6557763173,青丘小星星,迪丽热巴好喜欢这张，温温柔柔的,,,,,0,0,4,2020-03-01 23:52,迪丽热巴超话,['http://ww3.sinaimg.cn/large/0079NHLLgy1gcev4nxherj31vo0v94qt.jpg'],,
4477815699536051,IwElbE0Lh,7222181042,Dear樱桃小丸子zi,迪丽热巴“干嘛那么在意别人的想法呢”@Dear-迪丽热巴,,,Dear-迪丽热巴,,0,0,3,2020-03-01 23:51,迪丽热巴超话,['http://ww4.sinaimg.cn/large/007SLxd0gy1gcev536mxgj30qo0gyn0q.jpg'],,
4477815510721646,IwEkT31Js,7308302746,Hlda0807,迪丽热巴神踩点L必顺必必须的微博视频,,,,,0,0,7,2020-03-01 23:51,迪丽热巴超话,,"http://f.video.weibocdn.com/rnHsdUj8lx07BmPIpNQA01041200741A0E010.mp4?label=mp4_ld&template=360x640.24.0&trans_finger=81b11b8c5ffb62d33ceb3244bdd17e7b&ori=0&ps=1BVp4ysnknHVZu&Expires=1629790549&ssig=vxPtgOSm1F&KID=unistore,video",
4477815351536161,IwEkD6rCN,5798471889,郁若浠kaka,喜欢迪丽热巴:因为人美心善，有演技，情商高O你最喜欢的明星是谁？为什么？,,,,,0,0,1,2020-03-01 23:50,前后2000万 OPPO R11s,,,
4477815296153026,IwEkxpOGm,7189852079,ZZ我喜欢的样子你都有啊ZZ,感谢@Dear-迪丽热巴@汪苏泷为乐坛贡献了这么好听的歌K偏偏(电视剧《三生三世枕上书》片尾曲)，我要为TA在#音乐人先锋榜#上打打榜！,,,"Dear-迪丽热巴,汪苏泷",音乐人先锋榜,0,0,0,2020-03-01 23:50,荣耀8 美得与众不同,,,
4477815288064259,IwEkwxPSH,7398239646,用户7398239646,我关注了迪丽热巴超话，小伙伴们快来加入超话一起聊聊吧~超话传送门→http://t.cn/RBS409d,,,,,0,0,0,2020-03-01 23:50,超话,,,
4477815212510121,IwEkpawZP,2823382002,盖天奇,设法的围着你#欧洲杯#转，跟踪你，只要逮住机会，就会扑上来狠狠地咬上一口你越#迪丽热巴演技#,,,,"欧洲杯,迪丽热巴演技",0,0,0,2020-03-01 23:50,微博 weibo.com,"['http://ww3.sinaimg.cn/large/a84963f2gy1gccz0cel5kj21c00u0gog.jpg', 'http://ww4.sinaimg.cn/large/a84963f2gy1gccz0cwesbj20sg0l7q55.jpg', 'http://ww1.sinaimg.cn/large/a84963f2gy1gccz0dd6kaj20sg0bk75r.jpg']",,
4477815099305092,IwEkdD2G8,6413722792,岁岁念迪,我为迪丽热巴贡献266影响力，超话目前还差120851影响力超越上一名！戳这里→O网页链接~跟我一起打榜应援爱豆提升排名吧~,,,,,0,0,0,2020-03-01 23:49,超话,,,
4477815087029127,IwEkctuB1,7390490059,huanyu202002,#世界野生动植物日#和@Dear-迪丽热巴一起保护野生动植物,,,Dear-迪丽热巴,世界野生动植物日,0,0,0,2020-03-01 23:49,vivo X27,,,
4477815049447888,IwEk8DDPi,5769696674,Dear迪丽热巴打投组,⚠️今日总结阿投发的任务都是最最最重要的，要重视起来睡前来检查一下有没有没完成的未达标数据❌寻艺签到目标:14000，当前签到:12626❌O网页链接（斯维诗小Q瓶当前63万）今日点赞目标：70万任务:检查原博是否掉赞，每人评论1条并点赞+点赞20评论（楼中楼也算）已达标数据✅ql榜目标11000当前签到：11052教程打卡博：O网页链接#迪丽热巴三生三世枕上书##迪丽热巴白凤九#,,,,"迪丽热巴三生三世枕上书,迪丽热巴白凤九",2,45,93,2020-03-01 23:49,迪丽热巴超话,"['http://ww2.sinaimg.cn/large/006it3FMgy1gceuxxxmduj30mx05rjrn.jpg', 'http://ww4.sinaimg.cn/large/006it3FMgy1gceuxxm9tuj30mw0p3adf.jpg', 'http://ww2.sinaimg.cn/large/006it3FMgy1gceuxydjjej30n00fytar.jpg']",,
4477815003349116,IwEk4e3g0,7388170088,Dear莹L佳丽,喜大普奔！○(＾皿＾)っHiahiahia…我在迪丽热巴超话等级达到LV.4，获得江离头衔，快来迪丽热巴夸我优秀！,,,,,0,0,0,2020-03-01 23:49,超话,,,
4477815003363023,IwEk4e6Sj,7272149415,用户7272149415,嘿buddy~来的正是时候！迪丽热巴超话是我最近感兴趣的地儿，来跟我一起来聊聊吧！就现在！戳这里→http://t.cn/RBS409d,,,,,0,1,0,2020-03-01 23:49,超话,,,
4477814868930604,IwEjQBtg0,5770137727,贰爷说娱,迪丽热巴和高伟光主演的《三生三世枕上书》要在韩国上星了,,,,,3,13,143,2020-03-01 23:48,,"['http://ww1.sinaimg.cn/large/006iuUpxly1gcev1krenqj30qo0vfwh0.jpg', 'http://ww2.sinaimg.cn/large/006iuUpxly1gcev1ladakj30qo0v6ad8.jpg']",,
4477814826810045,IwEjMszBr,5072091651,Dear-童雨晴Sunny,迪丽热巴我在看一本书，看看有没有阿丝也一样看过的“你的人生中有重大的变故吗？这变故突然完全改变了你的生活，对你来说，世界在一夜之间变得完全不同”。“没有”。“那你的生活是一种偶然，世界有这么多变幻莫测的因素，你的人生却没什么变故”。汪淼想了半天还是不明白“大部分人都是这样嘛”。“那大部分人的人生都是偶然”。“可……多少代人都是这么平淡地过来的”。“都是偶然”。,,太仓市,,,0,5,7,2020-03-01 23:48,迪丽热巴超话,['http://ww3.sinaimg.cn/large/005xfYJRgy1gcev1cb1f5j30se1hxwgw.jpg'],,
4477814822845437,IwEjMbWe9,7294620823,与君离别意呀,#迪丽热巴##黄磊关注迪丽热巴超话#还好吧，我只爱蔡徐坤O黄磊关注迪丽热巴超话，热巴这么可爱你喜欢她吗？,,,,"迪丽热巴,黄磊关注迪丽热巴超话",0,0,0,2020-03-01 23:48,iPhone客户端,,,
4477814823182699,IwEjMdlXR,6079486456,是某人的某某,迪丽热巴#迪丽热巴三生三世枕上书#我看到你可爱的样子，一瞬间就在我的眼睛里闪过了关于你的春夏秋冬@Dear-迪丽热巴,,,Dear-迪丽热巴,迪丽热巴三生三世枕上书,0,0,1,2020-03-01 23:48,迪丽热巴超话,['http://ww2.sinaimg.cn/large/006DqU9aly1gcev1gqw7wg30q80q81l7.jpg'],,
4477814717579800,IwEjBvNQQ,6039050884,佩琪啊a,迪丽热巴跳high舞L佩琪啊a的微博视频,,,,,0,0,0,2020-03-01 23:48,Redmi Note 7 Pro,,"http://f.video.weibocdn.com/5HITwiqalx07BmPv2n440104120035W20E010.mp4?label=mp4_ld&template=360x640.24.0&trans_finger=81b11b8c5ffb62d33ceb3244bdd17e7b&ori=0&ps=1BVp4ysnknHVZu&Expires=1629790569&ssig=Br%2F%2FE%2FemUK&KID=unistore,video",
4477814663505857,IwEjweI25,7390490059,huanyu202002,@Dear-迪丽热巴我在#明星势力榜#内地榜上为你加油啦，你是我今生唯一的执著哦。棒棒哒！明星势力榜第5位,,,Dear-迪丽热巴,明星势力榜,0,0,0,2020-03-01 23:47,vivo X27,,,
4477814654670826,IwEjvjB5U,7069397774,胖迪她另一半87,还有200积分我就有认证啦我就是迪丽热巴专属粉丝啦,,,,,0,0,1,2020-03-01 23:47,OPPO A7x,,,
4477814641907914,IwEju80kO,6476429244,蘑菇的无终,@Dear-迪丽热巴我在#明星势力榜#内地榜上为你加油啦，你是我今生唯一的执著哦。棒棒哒！明星势力榜第5位,,,Dear-迪丽热巴,明星势力榜,0,0,0,2020-03-01 23:47,vivo智能手机,,,
4477814592446898,IwEjpagy6,3283844827,kingZTsB_109,迪丽热巴白凤九期待快点上线，已经等不及了！,,,,,0,1,0,2020-03-01 23:47,iPhone客户端,['http://ww4.sinaimg.cn/large/c3bb7edbly1gcev0iaqboj21q212u43d.jpg'],,
4477814587938254,IwEjoxj6m,7314660146,D爱迪无悔,2019nba全明星投票@Dear-迪丽热巴热巴哦！,,,Dear-迪丽热巴,,0,0,1,2020-03-01 23:47,2019nba全明星投票超话,,,
4477814503920627,IwEjggrVV,6039535370,喜欢的人超nice,#迪丽热巴白凤九#🍒#迪丽热巴三生三世枕上书#🍒#迪丽热巴swisse品牌代言人#🍒#迪丽热巴代言娇韵诗#🍒【迪丽热巴】【dlrb】【迪丽热巴粉丝】【四字女星】【九字女星】【热巴】【巴粉】【迪丽热巴】【迪丽热巴粉丝】【四字女星】【九字女星】【热巴】【巴粉】@Dear-迪丽热巴🍒,,,Dear-迪丽热巴,"迪丽热巴白凤九,迪丽热巴三生三世枕上书,迪丽热巴swisse品牌代言人,迪丽热巴代言娇韵诗",0,9,0,2020-03-01 23:47,迪丽冷巴超话,['http://ww1.sinaimg.cn/large/006AJh2Ogy1gcev04z44tg30pj0pke8a.jpg'],,
4477814436486888,IwEj9rdxe,6390297651,奈森要快乐,#迪丽热巴白凤九##迪丽热巴三生三世枕上书#喜欢这个安利热巴太🉑️啦！！！,,,,"迪丽热巴白凤九,迪丽热巴三生三世枕上书",0,0,1,2020-03-01 23:46,iPhone客户端,['http://ww4.sinaimg.cn/large/006Yt2kXly1gceuykdkqaj30u01b3dlu.jpg'],,
4477814390382663,IwEj51BxZ,6469008501,lolly8395,我在迪丽热巴超话等级达到LV.7，获得郝美丽头衔，小伙伴们快来加入超话一起聊聊吧！超话传送门→迪丽热巴,,,,,0,0,2,2020-03-01 23:46,超话,,,
4477814306380757,IwEiWqLVr,6223965229,追剧喵大王,#迪丽热巴三生三世枕上书#上线40天网播量破50亿了，韩国亚洲电视台已引进本土首播，泰国影视剧排行榜第一、越南首集破百万，这个成绩可以说非常🐮🍺,,,,迪丽热巴三生三世枕上书,237,823,6143,2020-03-01 23:46,迪丽热巴超话,"['http://ww1.sinaimg.cn/large/006Nd7FXly1gceuuva0gcg30u00u0wuw.jpg', 'http://ww4.sinaimg.cn/large/006Nd7FXly1gceuuwl5uoj315o224kjn.jpg', 'http://ww1.sinaimg.cn/large/006Nd7FXly1gceuuxym8kj315o224b2b.jpg', 'http://ww1.sinaimg.cn/large/006Nd7FXly1gceuuzjhh7g30jg0jgdlp.jpg', 'http://ww4.sinaimg.cn/large/006Nd7FXly1gceuxv0vrtj315o224npe.jpg', 'http://ww4.sinaimg.cn/large/006Nd7FXly1gceuy3nuewg30jg0jdb2y.jpg', 'http://ww1.sinaimg.cn/large/006Nd7FXly1gceuy65n3qj315o224npe.jpg', 'http://ww2.sinaimg.cn/large/006Nd7FXly1gceuy6v5qbg30go0f5wj6.jpg', 'http://ww3.sinaimg.cn/large/006Nd7FXly1gceuy9vtbqj32z95107ws.jpg']",,
4477814227120959,IwEiOtSub,1293046382,晨晨19871122,萌新来报道，希望迪丽热巴超话里的大佬多多支持！超话传送门→http://t.cn/RBS409d,,,,,0,0,0,2020-03-01 23:46,超话,,,
4477814197334639,IwEiLuM4D,6668209566,从来试回忆65627,迪丽热巴成为永恒的经典白凤九。注意身体健康最重要。加油祝事业蒸蒸日上。,,,,,0,0,1,2020-03-01 23:46,迪丽热巴超话,"['http://ww2.sinaimg.cn/large/007hh7Vcgy1gceuvyhyehj31900u0ah7.jpg', 'http://ww2.sinaimg.cn/large/007hh7Vcgy1gceuvxx498j31890u0dpp.jpg']",,
4477814180482744,IwEiK21Ac,2995340787,娱情君,迪丽热巴、高伟光主演的《三生三世枕上书》要在韩国上星了！你们觉得如何？,,,,,111,138,373,2020-03-01 23:45,,"['http://ww2.sinaimg.cn/large/b28945f3gy1gceuycpitfj20qm0vf786.jpg', 'http://ww4.sinaimg.cn/large/b28945f3gy1gceuyd7089j20qw0vgdl4.jpg']",,
4477814176257816,IwEiJqfWw,6713404557,只要哀家不死你们都是我儿媳,迪丽热巴网上的腥风血雨居然还有人顶着我家姐姐头像出去舞，不过我不会挂黑，看到的可以教我吗？或者帮@一下反黑的人,,,一下反黑的人,,0,25,35,2020-03-01 23:45,迪丽热巴超话,['http://ww1.sinaimg.cn/large/007kkLcFgy1gceuysclajj30ku11243p.jpg'],,
4477814067251795,IwEiyuqwr,6221728295,ourlove1216,《17岁高考失利，33岁被称“中戏之耻”，38岁靠东华帝君逆风翻盘》最近的热播剧里一定少不了高伟光和迪丽热巴的《三生三世枕上书》，你对帝君和小白的爱情故事上头了吗。O网页链接,,,,,0,0,0,2020-03-01 23:45,百度App,['http://ww2.sinaimg.cn/large/006N3JKngy1gceuxz6xa9j30hs0a5dg0.jpg'],,
4477814042909544,IwEiwccU8,7027706782,糰煗,嘘！跟你讲，这是我最爱的迪丽热巴超话，一般不外传，想知道我都在这里聊什么嘛？戳传送门→http://t.cn/RBS409d,,,,,0,0,0,2020-03-01 23:45,超话,,,
4477814038529690,IwEivzMXE,5523830529,走井之四,迪丽热巴敏感时期，爱丽丝们专注自家姐姐！,,,,,0,0,6,2020-03-01 23:45,迪丽热巴超话,['http://ww3.sinaimg.cn/large/0061PqENgy1gceuxf8qrvj316b1kfdoj.jpg'],,
4477813840834242,IwEic3v1w,6184847053,男德小标兵,迪丽热巴大家都管住嘴好吗，不要到处带粉籍吃瓜，不要一言不合就口嗨，好不好，专注自家，看到别人不要一言不合就口嗨，专注自家，专注自家！,,,,,0,5,30,2020-03-01 23:44,迪丽热巴超话,['http://ww4.sinaimg.cn/large/006KyZfDly1gceuwrgfwqj30pv0e1dh3.jpg'],,
4477813787159172,IwEi6u2qw,5626258020,Dear-麻豆还在热热怀里吐奶,迪丽热巴这是什么宇宙无敌超级小可爱呀,,,,,0,2,4,2020-03-01 23:44,迪丽热巴超话,"['http://ww1.sinaimg.cn/large/0068LcJ6ly1gceuwttwp5g30ig0a8he2.jpg', 'http://ww3.sinaimg.cn/large/0068LcJ6ly1gceuwvra8cj30u010nwiy.jpg', 'http://ww1.sinaimg.cn/large/0068LcJ6ly1gceuwy8w9vg30rh0ibkjr.jpg']",,
4477813748419556,IwEi2zkji,7336168783,EE酱手绘头像,剧版三生三世枕上书#三生三世枕上书#迪丽热巴x高伟光帝君大型撒狗粮现场，帝君丝毫不在意别人的眼光，大家吃狗粮啊！LEE酱手绘头像的微博视频,,,,三生三世枕上书,0,0,0,2020-03-01 23:44,剧版三生三世枕上书超话,,"http://f.video.weibocdn.com/000UiBXMgx07BmPex3TW01041200ehMI0E010.mp4?label=mp4_ld&template=636x360.25.0&trans_finger=647b8232579b0b23561398fc756ef4ae&ori=0&ps=1BVp4ysnknHVZu&Expires=1629790590&ssig=cCE46uUC%2BT&KID=unistore,video",
4477813686040957,IwEhWplwN,6689799343,稀饭poi,哎呦，不错哦！我在迪丽热巴凌凌七超话荣升LV.6等级，获得了活跃粉丝头衔！想和我一样晋级么？~想知道就来迪丽热巴凌凌七跟我聊聊吧~,,,,,0,0,0,2020-03-01 23:43,超话,,,
4477813669668817,IwEhUEziF,6689799343,稀饭poi,我在迪丽热巴官方粉丝群超话等级达到LV.6，获得活跃粉丝头衔，小伙伴们快来加入超话一起聊聊吧！超话传送门→迪丽热巴官方粉丝群,,,,,0,0,0,2020-03-01 23:43,超话,,,
4477813585633436,IwEhMnDvS,7235597306,是我的心头肉呀,迪丽热巴多了那么多新粉阿丝要积极打明天的超话榜哦，刷积分,,,,,0,4,10,2020-03-01 23:43,迪丽热巴超话,,,
4477813580664299,IwEhM2MOv,7398671798,在路上黄小仙,高伟光#迪丽热巴##高伟光#再忍三天就又见面了@深情的高伟光@Dear-迪丽热巴mua～,,霸州市,"深情的高伟光,Dear-迪丽热巴","迪丽热巴,高伟光",0,0,3,2020-03-01 23:43,OPPO随光而变R17,['http://ww4.sinaimg.cn/large/b10c1bc2ly1gcc4iybckog208u08ugnc.jpg'],,
4477813543763103,IwEhIfMXd,7401994287,Amylee198711,快来加入迪丽热巴超话和我一起聊聊吧~超话传送门→http://t.cn/RBS409d,,,,,0,0,1,2020-03-01 23:43,超话,,,
4477813447360862,IwEhyuSTA,7278931011,DD88的容嬷嬷,迪丽热巴大家好！我是凌心（笔名）✨很高兴认识大家！我是一枚粉姐姐四年了的阿丝😊也是一个只修姐姐的修图博主也请大家多多关照✌微博旧号：守护迪棣的小仙女🌚微博旧名：Dear－迪迪卫88微博现名：DD88的容嬷嬷🌝爱好：馋迪美女的身子【相信不知我一人】对吧我的好朋友：@星辰忆酱-@抱紧小柚吖@中意甜热热鸭@Cherrne_迪三岁@迪seven@R1SE的兄弟@Eternity顾酥九@黑子不配拥有名字@夏日港星@小英笑哈哈@小丽果ag@兄棣伙_Dylan希望阿丝们也能眼熟我希望我们大家一起努力！！！👊👊演员迪丽热巴未来可期【xswl.咋感觉有点尴尬】,,,"星辰忆酱-,抱紧小柚吖,中意甜热热鸭,Cherrne_迪三岁,迪seven,R1SE的兄弟,Eternity顾酥九,黑子不配拥有名字,夏日港星,小英笑哈哈,小丽果ag,兄棣伙_Dylan",,0,38,73,2020-03-01 23:43,迪丽热巴超话,"['http://ww4.sinaimg.cn/large/007WBEt5gy1gceunsm843j30pb190gw9.jpg', 'http://ww4.sinaimg.cn/large/007WBEt5gy1gceunt5o1rj30pb0gvn57.jpg', 'http://ww1.sinaimg.cn/large/007WBEt5gy1gceuntmuskj30pb0e8dn6.jpg', 'http://ww1.sinaimg.cn/large/007WBEt5gy1gceunujw2oj30pb0e8jyf.jpg', 'http://ww4.sinaimg.cn/large/007WBEt5gy1gceunv0swbj30xr0xrwgt.jpg', 'http://ww3.sinaimg.cn/large/007WBEt5gy1gceunvj2y7j30u00gw47o.jpg']",,
4477813405491090,IwEhun2tY,6375582107,颜璃fairy,迪丽热巴我曾经以为枕上书不播我最伤心，现在我才发现，原来它播了不更新我更伤心,,,,,0,3,21,2020-03-01 23:42,迪丽热巴超话,"['http://ww4.sinaimg.cn/large/006Xti9tly1gceuu03hntg30xr0o0qvd.jpg', 'http://ww2.sinaimg.cn/large/006Xti9tly1gceuu5u43ng30u00u04qx.jpg', 'http://ww1.sinaimg.cn/large/006Xti9tly1gceuufakazg30xc0m81le.jpg', 'http://ww4.sinaimg.cn/large/006Xti9tly1gceuujapyvg312q0m8he1.jpg', 'http://ww3.sinaimg.cn/large/006Xti9tly1gceuup3m1ag30dw0cukjy.jpg', 'http://ww4.sinaimg.cn/large/006Xti9tly1gceuuuaco0g30go0fcnpl.jpg', 'http://ww4.sinaimg.cn/large/006Xti9tly1gceuv309yvg31ce0u07x1.jpg', 'http://ww3.sinaimg.cn/large/006Xti9tly1gceuvbzvxwg30xz0o04r3.jpg', 'http://ww4.sinaimg.cn/large/006Xti9tly1gceuvlarsxg30nm0nmqvj.jpg']",,
4477813329876182,IwEhmFrfg,7314660146,D爱迪无悔,金鹰女神投票@Dear-迪丽热巴,,,Dear-迪丽热巴,,0,0,1,2020-03-01 23:42,金鹰女神投票超话,,,
4477813320773048,IwEhm3f6w,1795994180,娱乐News,四部女配比女主还要上头的电视剧，陈瑶《无心法师》、陈乔恩《笑傲江湖》、迪丽热巴《克拉恋人》、宋轶《伪装者》，你们都看过了么？,,,,,104,111,367,2020-03-01 23:42,,"['http://ww2.sinaimg.cn/large/6b0cb244gy1gceuudk68mj20jg0ykq4f.jpg', 'http://ww1.sinaimg.cn/large/6b0cb244gy1gceuue7horj20gt09hk1q.jpg', 'http://ww4.sinaimg.cn/large/6b0cb244gy1gceuueql7ij20ja09uaba.jpg', 'http://ww2.sinaimg.cn/large/6b0cb244gy1gceuuf5oy7j20u00gwtah.jpg']",,
4477813208203381,IwEhayq4B,6179910863,舍友和你聊影视,#电视剧三生三世枕上书#【迪丽热巴高伟光】帝君凤九在线秀恩爱，沉晔：她根本就没注意到我的存在！L舍友和你聊影视的微博视频,,,,电视剧三生三世枕上书,0,0,18,2020-03-01 23:42,微博视频号,,"http://f.video.weibocdn.com/whbYoxqblx07BgRqb5x601041200fLmr0E010.mp4?label=mp4_ld&template=640x360.25.0&trans_finger=40a32e8439c5409a63ccf853562a60ef&ori=0&ps=1BVp4ysnknHVZu&Expires=1629790611&ssig=GT2rVPgzho&KID=unistore,video",
4477813098937663,IwEgZBv5R,6668209566,从来试回忆65627,迪丽热巴我觉得热巴姐姐说的很有道理。L从来试回忆65627的微博视频,,,,,0,0,8,2020-03-01 23:41,迪丽热巴超话,,"http://f.video.weibocdn.com/003CKqrogx07BmP3u9Jd010412001xTn0E010.mp4?label=mp4_ld&template=360x512.24.0&trans_finger=81b11b8c5ffb62d33ceb3244bdd17e7b&ori=0&ps=1BVp4ysnknHVZu&Expires=1629790611&ssig=10cMZIGjvp&KID=unistore,video",
4477813094926334,IwEgZkFz0,6972807067,牵着小苏的手,迪丽热巴如果我写不出温柔的句子你能不能直接看一看我温柔的心.@Dear-迪丽热巴,,,Dear-迪丽热巴,,0,2,6,2020-03-01 23:41,迪丽热巴超话,"['http://ww3.sinaimg.cn/large/007BTbE7gy1gceuu1nssaj30qo0k0myh.jpg', 'http://ww3.sinaimg.cn/large/007BTbE7gy1gceuu2jo1zj30qo0k03zy.jpg']",,
4477812968393565,IwEgMzdy5,2161520997,迪迪子的大宝贝,#阿兰若美强惨##心疼阿兰若##阿兰若沉晔虐##迪丽热巴三生三世枕上书##迪丽热巴阿兰若#阿兰若现在也是我的禁语了，真的舍不得，卡在47集的我真的不敢看48集，阿兰若像是长在了我的泪腺上一样，看到阿兰若的片段就很难受😣,,,,"阿兰若美强惨,心疼阿兰若,阿兰若沉晔虐,迪丽热巴三生三世枕上书,迪丽热巴阿兰若",0,8,30,2020-03-01 23:41,剧版三生三世枕上书超话,"['http://ww4.sinaimg.cn/large/80d63165ly1gceutlpbwnj21s035sb2a.jpg', 'http://ww4.sinaimg.cn/large/80d63165ly1gceutmyp7gj21s035sx6p.jpg', 'http://ww2.sinaimg.cn/large/80d63165ly1gceutoexlsj21s035s7wi.jpg', 'http://ww2.sinaimg.cn/large/80d63165ly1gceutpf4hxj21s035snpd.jpg', 'http://ww1.sinaimg.cn/large/80d63165ly1gceutqlptkj21s035skjl.jpg', 'http://ww1.sinaimg.cn/large/80d63165ly1gceuts1zkvj21s035sqv5.jpg']",,
4477812926954506,IwEgItbbs,6834227668,用户6834227668,嘘！跟你讲，这是我最爱的高伟光迪丽热巴超话，一般不外传，想知道我都在这里聊什么嘛？戳传送门→http://t.cn/RiCNxnb,,,,,0,0,0,2020-03-01 23:40,超话,,,
4477812846718874,IwEgAsbSW,6998073462,怪热巴过分牛,三月快乐，晚安@Dear-迪丽热巴,,,Dear-迪丽热巴,,0,0,0,2020-03-01 23:40,热巴的爱丽丝,,,
4477812796425627,IwEgvqXB9,3205472932,圈圈娱叔,迪丽热巴#电视剧三生三世枕上书#花絮里的高甜小细节剧里居然没有导演你没有心啊啊啊,,,,电视剧三生三世枕上书,56,56,5,2020-03-01 23:40,迪丽热巴超话,"['http://ww1.sinaimg.cn/large/bf0fa2a4ly1gceut13qnyg20dc07ie81.jpg', 'http://ww4.sinaimg.cn/large/bf0fa2a4ly1gceut1jyhsg20dc07i4qp.jpg']",,
4477812767295370,IwEgsuBRg,7219158111,500g星辰吖,希望『迪丽热巴实惨，男同事张云龙关注热巴黑粉，且该黑号曾被热巴起诉』O迪丽热巴实惨，男同事张云龙关注热巴黑粉，且该黑号曾被热巴起诉,,,,,0,0,4,2020-03-01 23:40,HUAWEI Mate 9,,,
4477812603378625,IwEgceaVX,6406860395,_Carinaa,迪丽热巴姐姐直播吧太想你了@Dear-迪丽热巴,,,Dear-迪丽热巴,,0,0,4,2020-03-01 23:39,迪丽热巴超话,['http://ww4.sinaimg.cn/large/006ZAx3Zly1gceurw3f2xj30py1a6wgm.jpg'],,
4477812599422388,IwEgbDxc0,5585386410,粉晶晶剧靓,迪丽热巴、高伟光主演的《三生三世枕上书》要在韩国上星了，韩国亚洲电视台已引进本土首播,,,,,1,4,10,2020-03-01 23:39,,"['http://ww1.sinaimg.cn/large/0065ZI9Aly1gceus85eylj30rs10ugqw.jpg', 'http://ww2.sinaimg.cn/large/0065ZI9Aly1gceus8htwnj30u00z9grf.jpg', 'http://ww1.sinaimg.cn/large/0065ZI9Aly1gceus9i62ij30u01szk1t.jpg', 'http://ww2.sinaimg.cn/large/0065ZI9Aly1gceusa1wq2j30vk0u0gmw.jpg']",,
4477812590991841,IwEgb4a1r,5674683903,石肆殿下,青丘学堂的凤九和梵音谷学堂的凤九有什么不一样？真是小可爱三生三世东华帝君白凤九#东华帝君吧##电视剧三生三世枕上书##三生三世枕上书##三生三世枕上书发糖日#热巴迪丽热巴#高伟光东华帝君#L石肆殿下的微博视频,,,,"东华帝君吧,电视剧三生三世枕上书,三生三世枕上书,三生三世枕上书发糖日,高伟光东华帝君",1,2,14,2020-03-01 23:39,三生三世东华帝君白凤九超话,,"http://f.video.weibocdn.com/NE4Wkv0Clx07BmOBQXyM01041200quqN0E010.mp4?label=mp4_ld&template=640x360.25.0&trans_finger=bdef57f06ae52835a2c783ca389e8517&ori=0&ps=1BVp4ysnknHVZu&Expires=1629790611&ssig=jdZLHAvpiN&KID=unistore,video",
4477812507394774,IwEg2v1Iy,6327918224,蹦迪的小崽,迪丽热巴我就想问问，有两个号能帮热巴干点啥,,,,,0,5,5,2020-03-01 23:39,迪丽热巴超话,['http://ww2.sinaimg.cn/large/006UfiBagy1gceursym20j30k00qw7b4.jpg'],,
4477812465238131,IwEfYlYFZ,6179910864,爱追剧的小萌主,【#电视剧三生三世枕上书##迪丽热巴##高伟光#】烤地瓜是真的香！但凤九王君是真的，甜如蜜O网页链接,,,,"电视剧三生三世枕上书,迪丽热巴,高伟光",0,0,13,2020-03-01 23:39,微博视频号,,,
4477812461025899,IwEfY4iSL,6579479425,不止合不拢嘴,@Dear-迪丽热巴@深情的高伟光#电视剧三生三世枕上书##迪丽热巴##高伟光#凤九拜见帝君，这行礼的姿势太逗了L不止合不拢嘴的微博视频,,,"Dear-迪丽热巴,深情的高伟光","电视剧三生三世枕上书,迪丽热巴,高伟光",1,0,6,2020-03-01 23:39,微博视频号,,"http://f.video.weibocdn.com/jgQ8Usi6lx07BjpDYrHa010412003vIM0E010.mp4?label=mp4_ld&template=360x608.24.0&trans_finger=81b11b8c5ffb62d33ceb3244bdd17e7b&ori=0&ps=1BVp4ysnknHVZu&Expires=1629790611&ssig=7r6anZghOx&KID=unistore,video",
4477812444530528,IwEfWj0B2,6090691005,仔的木木,#迪丽热巴#迪丽热巴这么灵动可爱的小姑娘什么都比不上有你的快乐,,,,迪丽热巴,1,0,1,2020-03-01 23:39,HUAWEI P20,['http://ww1.sinaimg.cn/large/006EbUXHly1gceurmoj8vg30qk0qke8d.jpg'],,
4477812301898808,IwEfI7XXW,3205472932,圈圈娱叔,迪丽热巴#电视剧三生三世枕上书#小破书实火啊越南泰国上线首集便突破百万次，韩国亚洲电视台已引进本土首播,,,,电视剧三生三世枕上书,55,55,9,2020-03-01 23:38,迪丽热巴超话,"['http://ww1.sinaimg.cn/large/bf0fa2a4ly1gceur0jtysj20n81dddky.jpg', 'http://ww1.sinaimg.cn/large/bf0fa2a4ly1gceur0rsnbj20qo0w4tcx.jpg', 'http://ww1.sinaimg.cn/large/bf0fa2a4ly1gceur10ipbj20qo12mwi0.jpg', 'http://ww3.sinaimg.cn/large/bf0fa2a4ly1gceur16ahrj20qo0ix41e.jpg', 'http://ww3.sinaimg.cn/large/bf0fa2a4ly1gceur1fuloj20qo12ctco.jpg', 'http://ww3.sinaimg.cn/large/bf0fa2a4ly1gceur1owttj20qo1bbte0.jpg']",,
4477812238941465,IwEfBBw5b,7266932085,·XJX·,迪丽热巴|#迪丽热巴白凤九#如果，我是说如果，热巴和jx又续约了，我觉得应该会有很多丝儿不开心的，我来打个预防针，热巴的选择我们支持就ok，“粉你姐确实辛苦，但她值得”专注自家,,,,迪丽热巴白凤九,3,151,251,2020-03-01 23:38,迪丽热巴超话,['http://ww1.sinaimg.cn/large/007VNj01gy1gceuqpij4kj30u00u040h.jpg'],,
4477812188120371,IwEfwy4tJ,3626544223,士多啤梨飞天喵,我刚使用会员特权送给了@Dear-迪丽热巴3朵鲜花，希望陪你从开始到未来的每一个高光时刻，我们一起走花路吧！Dear-迪丽热巴已收到861869朵花,,,Dear-迪丽热巴,,0,0,1,2020-03-01 23:38,明星势力榜鲜花,,,
4477812133595961,IwEfrf5tn,7189852079,ZZ我喜欢的样子你都有啊ZZ,感谢@Dear-迪丽热巴@汪苏泷为乐坛贡献了这么好听的歌K偏偏(电视剧《三生三世枕上书》片尾曲)，我要为TA在#音乐人先锋榜#上打打榜！,,,"Dear-迪丽热巴,汪苏泷",音乐人先锋榜,0,0,0,2020-03-01 23:37,荣耀8 美得与众不同,,,
4477812129626996,IwEfqEoq8,7381081481,追剧扒姐,#电视剧三生三世枕上书#此时此刻我多想大喊一声让阿兰若别去“等我回来，这局先做残棋留着”“等我回来”可是她再也回不来了，那个明媚的红衣女孩，那个满心欢喜爱着沉晔的阿兰若再也回不来了#心疼阿兰若##阿兰若沉晔虐#迪丽热巴阿兰若、高伟光沉晔L追剧情报社的微博视频,,,,"电视剧三生三世枕上书,心疼阿兰若,阿兰若沉晔虐",0,0,0,2020-03-01 23:37,iPhone客户端,,"http://f.video.weibocdn.com/kAJqqOcXlx07BlZjZ4oU01041200djJA0E010.mp4?label=mp4_ld&template=640x360.25.0&trans_finger=40a32e8439c5409a63ccf853562a60ef&ori=0&ps=1BVp4ysnknHVZu&Expires=1629790632&ssig=ENO2AgX2GZ&KID=unistore,video",
4477812080044595,IwEfm0bBh,5245472229,辛能能RR,#迪丽热巴白凤九##迪丽热巴小公主#回顾极致诱惑@Dear-迪丽热巴L星闻揭秘的微博视频,,,Dear-迪丽热巴,"迪丽热巴白凤九,迪丽热巴小公主",24,23,269,2020-03-01 23:37,迪丽热巴超话,,"http://f.us.sinaimg.cn/002cQqeFlx07vMCqMo12010412013KbV0E010.mp4?label=mp4_ld&template=640x360.24.0&trans_finger=b2f87aa5424743e265d89a6328dab805&ori=0&ps=1BVp4ysnknHVZu&Expires=1629790632&ssig=9wtQU1Kjl4&KID=unistore,video",
4477811723137323,IwEeMda9Z,6574342002,娱乐圈小少爷,#电视剧三生三世枕上书#【三生三世】凤九是想给帝君磨墨嘛帝君欲擒故纵的主演：迪丽热巴/高伟光L娱乐圈小少爷的微博视频,,,,电视剧三生三世枕上书,0,0,3,2020-03-01 23:36,三生三世枕上书超话,,"http://f.video.weibocdn.com/G1YcFDtQlx07BmOGiY1a01041200xywY0E010.mp4?label=mp4_ld&template=636x360.25.0&trans_finger=40a32e8439c5409a63ccf853562a60ef&ori=0&ps=1BVp4ysnknHVZu&Expires=1629790632&ssig=dDMl7zmW7e&KID=unistore,video",
4477811677296250,IwEeHuC5s,5227091447,世伊-M,都是一些之前看过的图也忘了当时有没有发很久之前的胖迪了真的很喜欢那时的助理吧应该是相处模式真的好好而且人不火时真的觉得她的戒备都没那么多但是现在成熟了也愈发出光芒的她也超级爱嗷这就是为什么那么喜欢一个人的一些小细节还只是众多细节中的一点点噢pljj爱你哟@Dear-迪丽热巴,,,Dear-迪丽热巴,,0,0,0,2020-03-01 23:35,荣耀20,"['http://ww1.sinaimg.cn/large/005HKlgzly1gceuibiex1j30c85e9b29.jpg', 'http://ww2.sinaimg.cn/large/005HKlgzly1gceuibvoyoj30u00sqaet.jpg', 'http://ww4.sinaimg.cn/large/005HKlgzly1gceuic1tp5j30ku0qm408.jpg', 'http://ww3.sinaimg.cn/large/005HKlgzly1gceuic9vbcj30k00q2q4k.jpg', 'http://ww3.sinaimg.cn/large/005HKlgzly1gceuichos2j30g40ys7b1.jpg', 'http://ww2.sinaimg.cn/large/005HKlgzly1gceuid4kgaj315o4nonpd.jpg', 'http://ww3.sinaimg.cn/large/005HKlgzly1gceuidrl59j315o5l6kjl.jpg', 'http://ww3.sinaimg.cn/large/005HKlgzly1gceuie923vj30k005djri.jpg', 'http://ww1.sinaimg.cn/large/005HKlgzly1gceuieh5ifj30hs13d78l.jpg']",,
4477811656475073,IwEeFrasF,2268359743,z_z迪丽锅巴,@Dear-迪丽热巴我在#明星势力榜#内地榜上为你加油啦，你是我今生唯一的执著哦。棒棒哒！明星势力榜第5位,,,Dear-迪丽热巴,明星势力榜,0,0,1,2020-03-01 23:35,iPhone客户端,,,
4477811593294440,IwEezdP28,6573835774,影剧爬虫,#电视剧三生三世枕上书#圆完房无比幸福的两人，kdlkdl。主演：迪丽热巴/高伟光L影剧爬虫的微博视频,,,,电视剧三生三世枕上书,4,4,58,2020-03-01 23:35,三生三世枕上书超话,,"http://f.video.weibocdn.com/vNn0xiMIlx07BmODU7ck01041200lBPw0E010.mp4?label=mp4_ld&template=636x360.25.0&trans_finger=40a32e8439c5409a63ccf853562a60ef&ori=0&ps=1BVp4ysnknHVZu&Expires=1629790632&ssig=opOBPcK8Zu&KID=unistore,video",
4477811584624381,IwEeyjp0N,2678852573,芥末-海苔,#电视剧三生三世枕上书#多高冷的男生在喜欢的女生面前都会变的无邪，千年老树开花，撩起来挡都挡不住#迪丽热巴三生三世枕上书#L芥末-海苔的微博视频,,,,"电视剧三生三世枕上书,迪丽热巴三生三世枕上书",0,0,5,2020-03-01 23:35,HUAWEI Mate 20,,"http://f.video.weibocdn.com/xrcY2lLllx07BmOE1UQE010412006c5c0E010.mp4?label=mp4_ld&template=360x640.24.0&trans_finger=81b11b8c5ffb62d33ceb3244bdd17e7b&ori=0&ps=1BVp4ysnknHVZu&Expires=1629790632&ssig=u4R3DcthLP&KID=unistore,video",
4477811546937158,IwEeut6FE,6108226463,小报公主的宝贝,#迪丽热巴白凤九##迪丽热巴三生三世枕上书#积分（互评甩链接）,,,,"迪丽热巴白凤九,迪丽热巴三生三世枕上书",0,26,0,2020-03-01 23:35,迪丽冷巴超话,['http://ww2.sinaimg.cn/large/006FnuJFgy1gceunx0rnkj31900pbqkz.jpg'],,
4477811400048240,IwEeg0cy4,7403410900,用户7403410900,迪丽热巴超话太有趣啦~快来加入我们，大家一起玩起来吧，超话传送门→http://t.cn/RBS409d,,,,,0,0,0,2020-03-01 23:34,超话,,,
4477811320286319,IwEe81cu3,6618768825,傲嬌的大餅Meow,我在#迪丽热巴白凤九##迪丽热巴三生三世枕上书##迪丽热巴swisse品牌代言人#帮助了大象，获得了爱心和动物卡片。#熊猫守护者#们，快加入驿站一起玩吧！O熊猫守护者,,,,"迪丽热巴白凤九,迪丽热巴三生三世枕上书,迪丽热巴swisse品牌代言人,熊猫守护者",0,0,0,2020-03-01 23:34,熊猫守护者,"['http://ww2.sinaimg.cn/large/81c37846ly1g1hgqgbuwdj210w1a97wh.jpg', 'http://ww4.sinaimg.cn/large/007dVG7Tgy1gceuo110uog30o00j2npi.jpg']",,
4477811278558611,IwEe3zUu7,7403407645,小熊迷上星空68778,我关注了迪丽热巴超话，小伙伴们快来加入超话一起聊聊吧~超话传送门→http://t.cn/RBS409d,,,,,0,0,0,2020-03-01 23:34,超话,,,
4477811236149370,IwEdZpNJo,5090646984,电影零零漆,女星们的嘟嘴照，赵丽颖，李沁，杨紫，唐嫣，baby，古力娜扎，刘诗诗，迪丽热巴，刘亦菲，你觉得谁呆萌可爱？,,,,,0,5,8,2020-03-01 23:34,Redmi红米7A,"['http://ww1.sinaimg.cn/large/005yvPPqly1gceumjr7j4j30hs0hst9f.jpg', 'http://ww4.sinaimg.cn/large/005yvPPqly1gceumk2xdlj30qo0x1gog.jpg', 'http://ww2.sinaimg.cn/large/005yvPPqly1gceumkewffj30qo0utdie.jpg', 'http://ww2.sinaimg.cn/large/005yvPPqly1gceumku1xjj30qo1400wk.jpg', 'http://ww1.sinaimg.cn/large/005yvPPqly1gceuml80fhj30cr0dw0tb.jpg', 'http://ww1.sinaimg.cn/large/005yvPPqly1gceumll1baj30qo10677t.jpg', 'http://ww4.sinaimg.cn/large/005yvPPqly1gceumm06yqj30ft0hsq3p.jpg', 'http://ww3.sinaimg.cn/large/005yvPPqly1gceummsw2hj30h80gnmy4.jpg', 'http://ww2.sinaimg.cn/large/005yvPPqly1gceumn4hv8j30qo0lodhf.jpg']",,
4477811211891907,IwEdX7WaD,6085757497,热剧小剧场,#三生三世枕上书##迪丽热巴##高伟光#后期真的好虐啊，心疼我凤九，什么时候才能和帝君甜甜蜜蜜啊！L热剧小剧场的微博视频,,,,"三生三世枕上书,迪丽热巴,高伟光",1,2,16,2020-03-01 23:34,微博视频号,,"http://f.video.weibocdn.com/CmVjH43Slx07BmCmuhao01041200hHZ40E010.mp4?label=mp4_ld&template=360x640.24.0&trans_finger=81b11b8c5ffb62d33ceb3244bdd17e7b&ori=0&ps=1BVp4ysnknHVZu&Expires=1629790632&ssig=D6DIifWfm9&KID=unistore,video",
4477811203230493,IwEdWdyoJ,6269296639,神仙迪大米,迪丽热巴好久没发帖了，热巴我爱你@Dear-迪丽热巴,,,Dear-迪丽热巴,,0,0,5,2020-03-01 23:34,迪丽热巴超话,,,
4477811156806932,IwEdRsyNe,6656489576,Dear-迪三碗,考古先到此～16年的生日#迪丽热巴#哈哈哈，第一次看到这个哎，六棵小圆枣古树，这些名字很可以！@Dear-迪丽热巴,,,Dear-迪丽热巴,迪丽热巴,0,0,1,2020-03-01 23:33,OPPO超视野全面屏R15,"['http://ww2.sinaimg.cn/large/007gtX16ly1gceuh69uxvj30oi1b6112.jpg', 'http://ww1.sinaimg.cn/large/007gtX16ly1gceulvx0nqj30ku0qen33.jpg', 'http://ww2.sinaimg.cn/large/007gtX16ly1gceukh4u2pj30v90ku0yt.jpg', 'http://ww1.sinaimg.cn/large/007gtX16ly1gceukihr31j30v90ku46e.jpg', 'http://ww3.sinaimg.cn/large/007gtX16ly1gceukhebu5j30v90kudlp.jpg', 'http://ww2.sinaimg.cn/large/007gtX16ly1gceukgs68fj30v90ku0zc.jpg', 'http://ww4.sinaimg.cn/large/007gtX16ly1gceukhpxudj30v90kuwk9.jpg', 'http://ww4.sinaimg.cn/large/007gtX16ly1gceuki0fs0j30v90kutft.jpg', 'http://ww1.sinaimg.cn/large/007gtX16ly1gceuley0xrj30v90ku0xg.jpg']",,
4477811106554631,IwEdMrv9R,2455224182,沈宇松,《三生三世枕上书》凤九贪睡，帝君揉脸惩罚媳妇，却不知自己要当爹了。这部剧由迪丽热巴和高伟光领衔主演，是一部奇幻爱情剧。迪丽热巴和高伟光两人默契感十足，他们分别饰演的凤九和帝君深入人心，仿佛为他们量身定做的角色一样。迪丽热巴在这部剧中演技上有很大的进步，两个角色诠释出来都游刃有余，观众一下就区分开阿兰若和白凤九了。阿兰若身上有一种疏远感对什么事情都无畏淡然，凤九十分俏皮所以两个角色诠释上需要更加细腻...O网页链接,,,,,0,5,98,2020-03-01 23:33,,"['http://ww3.sinaimg.cn/large/9257bf76gy1gceum0cyg4j20go09d79v.jpg', 'http://ww4.sinaimg.cn/large/9257bf76gy1gceum1ba0qj20go09ywjx.jpg', 'http://ww1.sinaimg.cn/large/9257bf76gy1gceum253yqj20fc098786.jpg', 'http://ww4.sinaimg.cn/large/9257bf76gy1gceum36sf8j20go09egsh.jpg']",,
4477811030942389,IwEdF3X9P,6256885906,用户6256885906,嘿buddy~来的正是时候！迪丽热巴超话是我最近感兴趣的地儿，来跟我一起来聊聊吧！就现在！戳这里→http://t.cn/RBS409d,,,,,0,0,0,2020-03-01 23:33,超话,,,
4477810980253153,IwEdA13R7,5471862826,白萝卜坨坨,好久没有锦衣之下这种男主女主都很对我胃口的剧了！颜值演技都在线，喜欢喜欢。谭松韵我是真的喜欢，所有女演员里只有谭松韵和迪丽热巴的卖萌或者是抖小机灵不让我觉得出戏或者恶心，反而觉得很可爱～,,,,,0,3,34,2020-03-01 23:33,iPhone客户端,,,
4477810955893836,IwEdxoJfS,6605402295,古装影视局,【#三生三世枕上书##迪丽热巴##高伟光#】听见凤九的话小燕想歪了，嚷嚷着他和姬蘅有戏了！O网页链接,,,,"三生三世枕上书,迪丽热巴,高伟光",0,1,10,2020-03-01 23:33,微博视频号,,,
4477810922187111,IwEdu9aXZ,3044244355,热巴亲了我一口并说,对不起，我抑制不住内心的喜悦！我在迪丽热巴超话等级达到LV.6，获得苏溢清头衔，快来恭喜我吧~传送门>>迪丽热巴,,,,,0,0,0,2020-03-01 23:33,超话,,,
4477810846392762,IwEdmqP34,5680283752,迪牛白羊丝,@Dear-迪丽热巴我在#明星势力榜#内地榜上为你加油啦，你是我今生唯一的执著哦。棒棒哒！明星势力榜第5位,,,Dear-迪丽热巴,明星势力榜,0,0,0,2020-03-01 23:32,realme X全屏敢越级,,,
4477810842166236,IwEdm95xi,7373122025,南乔楠侨,迪丽热巴真的好可爱呀,,,,,0,1,0,2020-03-01 23:32,Android,['http://ww3.sinaimg.cn/large/0082YRQZly1gceukzdzusg30dc0er1li.jpg'],,
4477810825330354,IwEdkmmFs,5859203586,-Girlaa,迪丽热巴希望大家最近吃瓜不要顶着热巴头像去后面肯定会涉及其他家撕起来营造饭圈撕的乱相专注自家保护好热巴就行没事看看枕上书,,,,,2,71,240,2020-03-01 23:32,迪丽热巴超话,,,
4477810766438937,IwEder13P,5887459772,eyyo21889,#O网页链接#我在#明星ALL榜#上为你加油啦，@Dear-迪丽热巴 你是我今生唯一的执著哦,,,Dear-迪丽热巴,,0,0,1,2020-03-01 23:32,迪丽热巴超话,,,
4477810670697493,IwEd52VrT,5915345989,Yv869爱言,迪丽热巴外面的世界很精彩的，马上能出来了,,,,,0,0,4,2020-03-01 23:32,迪丽热巴超话,,,
4477810653547727,IwEd3eSVp,5470356229,八只羊Y,迪丽热巴超话太有趣啦~快来加入我们，大家一起玩起来吧，超话传送门→http://t.cn/RBS409d,,,,,0,0,0,2020-03-01 23:31,超话,,,
4477810590253825,IwEcX141X,3262873850,搞笑幽默叔叔,《三生三世枕上书》杨幂和迪丽热巴见面就“飙戏”，杨幂一个眼神无台词，功底展露,,,,,149,154,224,2020-03-01 23:31,微博 weibo.com,"['http://ww1.sinaimg.cn/large/61d20e31gy1gceugsiku7j20hs08ut9u.jpg', 'http://ww2.sinaimg.cn/large/61d20e31gy1gceugslfz9j20hs095t9v.jpg', 'http://ww4.sinaimg.cn/large/61d20e31gy1gceugsk6xwj20hs08ut9z.jpg']",,
4477810519448360,IwEcPDDWU,6934603624,小抓饭呀呀,我在迪丽热巴超话等级达到LV.5，获得高雯头衔，小伙伴们快来加入超话一起聊聊吧！超话传送门→迪丽热巴,,,,,0,0,0,2020-03-01 23:31,超话,,,
4477810510438750,IwEcP1Q8C,5031736707,闲话剧综,迪丽热巴和高伟光主演的《三生三世枕上书》要在韩国上星了，你觉得什么水平？,,,,,2,23,121,2020-03-01 23:31,,"['http://ww4.sinaimg.cn/large/005uwEzFly1gceujm8mttj30qo0wtq5m.jpg', 'http://ww4.sinaimg.cn/large/005uwEzFly1gceujmhk1cj30qx0x3adk.jpg']",,
4477810494069163,IwEcNh4zF,5977278468,啊呜一口软糖,大明星晚安@Dear-迪丽热巴,,,Dear-迪丽热巴,,0,1,1,2020-03-01 23:31,荣耀20i,['http://ww1.sinaimg.cn/large/006ww3bely1gceujhp555j318n2hanpd.jpg'],,
4477810452268123,IwEcJ9w2D,3195258217,Dear-杨洋的dlrb,#你最想见的爱豆#是@Dear-迪丽热巴啊LDear-杨洋的dlrb的微博视频,,孟州市,Dear-迪丽热巴,你最想见的爱豆,0,0,4,2020-03-01 23:31,iPhone客户端,,"http://f.video.weibocdn.com/y5V78NCElx07BmOkPjrG010412000LxH0E010.mp4?label=mp4_ld&template=360x640.24.0&trans_finger=81b11b8c5ffb62d33ceb3244bdd17e7b&ori=0&ps=1BVp4ysnknHVZu&Expires=1629790653&ssig=6kDCN3OjYj&KID=unistore,video",
4477810376929458,IwEcBt4Fs,7346336380,迪迪热的老婆,@Dear-迪丽热巴我在#明星势力榜#内地榜上为你加油啦，你是我今生唯一的执著哦。棒棒哒！明星势力榜第5位,,,Dear-迪丽热巴,明星势力榜,0,0,0,2020-03-01 23:30,OPPO A5,,,
4477810330309968,IwEcx1iDu,5261655515,元锁清,#电视剧三生三世枕上书##电视剧三生三世十里桃花##高伟光东华帝君##迪丽热巴##迪丽热巴白凤九#帝君的造型还是枕上书更加优秀一些,,,,"电视剧三生三世枕上书,电视剧三生三世十里桃花,高伟光东华帝君,迪丽热巴,迪丽热巴白凤九",0,11,23,2020-03-01 23:30,荣耀V10 我AI的快,"['http://ww4.sinaimg.cn/large/005K5mXxgy1gceug23fnyj31o00u04jj.jpg', 'http://ww4.sinaimg.cn/large/005K5mXxgy1gceug3iyapj31o00u0h4d.jpg', 'http://ww1.sinaimg.cn/large/005K5mXxgy1gceug2pe7gj31o00u0h4j.jpg', 'http://ww4.sinaimg.cn/large/005K5mXxgy1gceug6fcfyj31o00u0e41.jpg', 'http://ww1.sinaimg.cn/large/005K5mXxgy1gceug86iigj31o00u04qp.jpg', 'http://ww2.sinaimg.cn/large/005K5mXxgy1gceug7c89xj31o00u0hbv.jpg', 'http://ww3.sinaimg.cn/large/005K5mXxgy1gceug5rfuwj31o00u017c.jpg', 'http://ww1.sinaimg.cn/large/005K5mXxgy1gceug90dhfj31o00u0h6e.jpg', 'http://ww1.sinaimg.cn/large/005K5mXxgy1gceug9s5ojj31o00u0k6j.jpg']",,
4477810296872613,IwEctsPSB,5960795694,播播杉,终于晋级啦！我的迪丽热巴超话等级升级为LV.5，获得了高雯头衔！快来迪丽热巴恭喜我吧~,,,,,0,0,0,2020-03-01 23:30,超话,,,
4477810271598427,IwEcr6HP5,5387049690,倾心与你Della,迪丽热巴我在@超级星饭团APP给@Dear-迪丽热巴道了一句晚安，悠悠的祝福，暖暖的问候，愿你拥有甜甜的美梦......,,,"超级星饭团APP,Dear-迪丽热巴",,0,0,0,2020-03-01 23:30,东华凤九Android,,,
4477810200498306,IwEck25Dc,6320390379,追剧球球君,#三生三世枕上书#【迪丽热巴高伟光陈楚河】撒花~~终于等到东凤真·圆房这天！L吐槽大弟弟的微博视频,,,,三生三世枕上书,0,0,4,2020-03-01 23:30,微博视频号,,"http://f.video.weibocdn.com/kdgTpnQnlx07Bkw2gKSQ01041200e7la0E010.mp4?label=mp4_ld&template=640x360.25.0&trans_finger=40a32e8439c5409a63ccf853562a60ef&ori=0&ps=1BVp4ysnknHVZu&Expires=1629790674&ssig=2bLa%2BOeOba&KID=unistore,video",
4477810153897264,IwEcfglR6,6366783211,覃学长,王者荣耀@Dear-迪丽热巴微博视频,,,Dear-迪丽热巴,,0,0,0,2020-03-01 23:29,微博视频,,,
4477810108494038,IwEcazDGC,6351200125,易小瓜啦啦啦,还不知道怎么玩儿超话？我都在迪丽热巴超话是LV.5啦，还获得了高雯头衔，来迪丽热巴找我聊天，我来给你划重点~✌️,,,,,0,0,0,2020-03-01 23:29,超话,,,
4477809956882700,IwEbVsSvi,5403797229,爱崽崽的姆妈粉,#迪丽热巴白凤九#dlrb#迪丽热巴三生三世枕上书#【迪丽热巴dlrb热巴四字女星九字女星大连日报滴滴叭叭】@Dear-迪丽热巴,,,Dear-迪丽热巴,"迪丽热巴白凤九,迪丽热巴三生三世枕上书",0,0,0,2020-03-01 23:29,Android,"['http://ww4.sinaimg.cn/large/005THMvPly1gceugyq435j31qo1qm1ky.jpg', 'http://ww1.sinaimg.cn/large/005THMvPly1gceuh3l90xj324o1f4kjm.jpg', 'http://ww3.sinaimg.cn/large/005THMvPly1gceuhbmtoaj32nt1rve84.jpg']",,
4477809915848140,IwEbRoxmQ,7374803394,夜孤魂香寒,我关注了迪丽热巴超话，小伙伴们快来加入迪丽热巴超话一起聊聊吧~戳这里→http://t.cn/RBS409d,,,,,0,0,0,2020-03-01 23:29,超话,,,
4477809873514584,IwEbNeKiQ,5135601342,追星模式开启ing,迪丽热巴专注自家别带粉籍吃瓜好吗？多做数据它不香吗？枕上书姐是一番你看tx这差距大吗？,,,,,1,28,83,2020-03-01 23:28,迪丽热巴超话,['http://ww1.sinaimg.cn/large/005BysvIgy1gceuf0hzjwj30v90d2wjp.jpg'],,
4477809843984975,IwEbKgIFN,3051814750,饭圈女孩,迪丽热巴、高伟光的《三生三世枕上书》要在韩国上星了什么水平？,,,,,0,4,16,2020-03-01 23:28,,"['http://ww1.sinaimg.cn/large/b5e6ff5egy1gceug8prl2j20qo0vun54.jpg', 'http://ww3.sinaimg.cn/large/b5e6ff5egy1gceug8aenoj20qx0w6qjh.jpg']",,
4477809844271906,IwEbKhVjI,5403797229,爱崽崽的姆妈粉,#迪丽热巴白凤九#dlrb#迪丽热巴三生三世枕上书#【迪丽热巴dlrb热巴四字女星九字女星大连日报滴滴叭叭】@Dear-迪丽热巴,,,Dear-迪丽热巴,"迪丽热巴白凤九,迪丽热巴三生三世枕上书",0,0,0,2020-03-01 23:28,Android,"['http://ww4.sinaimg.cn/large/005THMvPly1gceugdcmacj30qo0qoq8t.jpg', 'http://ww4.sinaimg.cn/large/005THMvPly1gceugdp6o1j30qo0gnmyx.jpg', 'http://ww3.sinaimg.cn/large/005THMvPly1gceugt763lj32i83rekjs.jpg']",,
4477809751444607,IwEbB63O7,3487314532,deniver_蕃,武汉加油，中国加油🙏🙏🙏疫情赶紧过去#迪丽热巴swisse品牌代言人##迪丽热巴代言娇韵诗##迪丽热巴misssixty亚太区代言人##mikimoto亚洲代言人迪丽热巴##迪丽热巴白凤九##迪丽热巴三生三世枕上书##电视剧三生三世枕上书##百雀羚彩妆代言人迪丽热巴##迪丽热巴生来好动#@Dear-迪丽热巴来晚了求积分呀呀呀，互评甩链接必回,,,Dear-迪丽热巴,"迪丽热巴swisse品牌代言人,迪丽热巴代言娇韵诗,迪丽热巴miss sixty亚太区代言人,mikimoto亚洲代言人迪丽热巴,迪丽热巴白凤九,迪丽热巴三生三世枕上书,电视剧三生三世枕上书,百雀羚彩妆代言人迪丽热巴,迪丽热巴生来好动",0,24,0,2020-03-01 23:28,迪丽冷巴超话,['http://ww3.sinaimg.cn/large/cfdc3264gy1gceufhb45qj21jk1494qp.jpg'],,
4477809693538003,IwEbveQoz,6996332319,小过客008,迪丽热巴谨言慎行，专注自家，勇敢温柔,,,,,0,0,6,2020-03-01 23:28,迪丽热巴超话,['http://ww3.sinaimg.cn/large/007DtTDFly1gceug8vj3cj30m116n77a.jpg'],,
4477809693539753,IwEbveQQN,6219603777,感恩0227,嘿buddy~来的正是时候！迪丽热巴超话是我最近感兴趣的地儿，来跟我一起来聊聊吧！就现在！戳这里→http://t.cn/RBS409d,,,,,0,0,0,2020-03-01 23:28,超话,,,
4477809693541443,IwEbveRi3,6075835048,随风飘摇吃瓜人,迪丽热巴#迪丽热巴三生三世枕上书##迪丽热巴swisse品牌代言人#看看黄磊老师，姐姐出来营业吧，来张表情包也非常可以阿,,,,"迪丽热巴三生三世枕上书,迪丽热巴swisse品牌代言人",0,1,1,2020-03-01 23:28,迪丽热巴超话,['http://ww2.sinaimg.cn/large/006DbAfugy1gceug8f6wvj30hs0i5q5q.jpg'],,
4477809676681594,IwEbts2bE,6090644516,银幕前后,#三生三世枕上书#【迪丽热巴、高伟光】橘诺给沉晔戴了“绿帽子”，倾画却说是沉晔的责任！L银幕前后的微博视频,,,,三生三世枕上书,2,0,4,2020-03-01 23:28,微博视频号,,"http://f.video.weibocdn.com/prZQAQ2Hlx07BlQtswLK010412003Eo70E010.mp4?label=mp4_ld&template=640x360.25.0&trans_finger=40a32e8439c5409a63ccf853562a60ef&ori=0&ps=1BVp4ysnknHVZu&Expires=1629790695&ssig=vZCZPIbnCM&KID=unistore,video",
4477809612879279,IwEbnc51Z,2648497602,nightcrawler11,美强惨阿兰若，爱辽爱辽#电视剧三生三世枕上书#@Dear-迪丽热巴,,,Dear-迪丽热巴,电视剧三生三世枕上书,0,0,0,2020-03-01 23:27,87号87的iPhone XS,"['http://ww2.sinaimg.cn/large/9ddcddc2gy1gceuepd18kj20u01hbgp5.jpg', 'http://ww1.sinaimg.cn/large/9ddcddc2gy1gceueox595j20v90v9diq.jpg', 'http://ww1.sinaimg.cn/large/9ddcddc2gy1gceuepufb8j20v90v9dka.jpg']",,
4477809605018605,IwEbml3zf,1436523223,柒柒向暖,#迪丽热巴声音##声临其境#当然O声临其境2第二期你为谁的表现打call？热巴第一是否实至名归?,,,,"迪丽热巴声音,声临其境",0,0,3,2020-03-01 23:27,HUAWEI Mate 9,,,
4477809588022445,IwEbkxF0h,6991142396,QQ泷小号,迪丽热巴/汪苏泷《偏偏》(《三生三世枕上书》电视剧片尾曲)K偏偏@QQ音乐#汪苏泷新声请指教#,,,QQ音乐,汪苏泷新声请指教,0,0,0,2020-03-01 23:27,QQ音乐,,,
4477809433294793,IwEb5dP7P,6605397243,武侠里的精彩,【#三生三世枕上书#迪丽热巴高伟光】三殿下说帝君在上古时代很威勇，小燕听糊涂了L影视仙侠录的微博视频,,,,三生三世枕上书,0,0,0,2020-03-01 23:27,微博视频号,,"http://f.video.weibocdn.com/fDAtmjmqlx07Bkt9exLa010412006k2e0E010.mp4?label=mp4_ld&template=640x360.25.0&trans_finger=40a32e8439c5409a63ccf853562a60ef&ori=0&ps=1BVp4ysnknHVZu&Expires=1629790695&ssig=o4tha7VAER&KID=unistore,video",
4477809365526175,IwEaYnbBR,6005730214,琳樱-,哎呦，不错哦！我在迪丽热巴超话荣升LV.5等级，获得了高雯头衔！想和我一样晋级么？~想知道就来迪丽热巴跟我聊聊吧~,,,,,0,0,0,2020-03-01 23:26,超话,,,
4477809177614096,IwEaFvWM0,3039352245,珍藏的动漫头像,哇！迪丽热巴私房照来了！爱了！哈哈#迪丽热巴#明星本来就是神秘的，原来也有这么乖巧的一面！我们的#爱豆#热巴很自然，很真实的姑娘，喜欢！我们一起支持她#高清壁纸#火热更新中！自取方法直接搜索关注丨公众号：幸运情头回复：15这个系列实在太多了！不容错过记得带上摩斯密码：15不清楚怎么取图的，看我置顶帖图9，就是入口了。晚点还有更多头像，预告：小哥哥头像！,,,,"迪丽热巴,爱豆,高清壁纸",0,0,13,2020-03-01 23:26,微博 weibo.com,"['http://ww1.sinaimg.cn/large/b528d5b5gy1gcerg7n32ej20k00xj75p.jpg', 'http://ww1.sinaimg.cn/large/b528d5b5gy1gcerg7mz69j20u015z75z.jpg', 'http://ww2.sinaimg.cn/large/b528d5b5gy1gcerg7oavtj20fb0k3t9x.jpg', 'http://ww2.sinaimg.cn/large/b528d5b5gy1gcerg7pedtj20r214k0vj.jpg', 'http://ww3.sinaimg.cn/large/b528d5b5gy1gcerg7p31xj20u016rgpj.jpg', 'http://ww4.sinaimg.cn/large/b528d5b5gy1gcerg7q7haj20u017rq5f.jpg', 'http://ww2.sinaimg.cn/large/b528d5b5gy1gcerg7twutj20g40mrt9o.jpg']",,
4477809127066169,IwEaAtEet,2338732210,芒果捞小妖,#电视剧三生三世枕上书#高颜值热巴#她的眼里有星星#乖巧可爱小萌精#迪丽热巴#,,,,"电视剧三生三世枕上书,她的眼里有星星,迪丽热巴",0,0,0,2020-03-01 23:25,HUAWEI nova 2s,"['http://ww3.sinaimg.cn/large/8b6638b2ly1gceud5ni9dg20jg0h67wz.jpg', 'http://ww4.sinaimg.cn/large/8b6638b2ly1gceudan2o9g20jg0hsb2o.jpg', 'http://ww1.sinaimg.cn/large/8b6638b2ly1gceudfomxvg20go0fyx74.jpg', 'http://ww3.sinaimg.cn/large/8b6638b2ly1gceudmxy4eg20jg0hohe7.jpg', 'http://ww1.sinaimg.cn/large/8b6638b2ly1gceudrpumlg20go0fwqvj.jpg', 'http://ww3.sinaimg.cn/large/8b6638b2ly1gceudvj1ccg20jg0gkb2i.jpg']",,
4477809105885141,IwEayoGZD,7069397774,胖迪她另一半87,我错过了迪丽热巴第一次可能是最后一次的生日会，但是我不想错过火箭少女最后一次的演唱会！在合适的时间合适的机会今年让我去吧！！L胖迪她另一半87的微博视频,,,,,2,0,17,2020-03-01 23:25,微博视频号,,"http://f.video.weibocdn.com/000L38CQgx07BmNY4gYf010412004Utc0E010.mp4?label=mp4_ld&template=360x640.24.0&trans_finger=81b11b8c5ffb62d33ceb3244bdd17e7b&ori=0&ps=1BVp4ysnknHVZu&Expires=1629790695&ssig=%2BE8Zzv2vMj&KID=unistore,video",
4477809063577046,IwEauf0yi,5183791136,今天哪个鼻孔上班呀_,#电视剧三生三世枕上书##迪丽热巴白凤九#一定一定要有藏剑那段啊。！一定一定要有啊。！越来越喜欢热巴了。耶～ps，我还是觉得给渺落加戏了。气敷敷。,,,,"电视剧三生三世枕上书,迪丽热巴白凤九",0,0,1,2020-03-01 23:25,iPhone客户端,['http://ww1.sinaimg.cn/large/005EOESsly1gceuc3e9uaj308c08cjrt.jpg'],,
4477808976187714,IwEalpXHQ,5086195723,诶岩哥哥,"分享@Dear-迪丽热巴,@汪苏泷的歌曲K偏偏(电视剧《三生三世枕上书》片尾曲)",,,"Dear-迪丽热巴,汪苏泷",,0,0,0,2020-03-01 23:25,荣耀10青春版,"['http://ww2.sinaimg.cn/large/005yd9QTly1gceud547klj309s09sq3c.jpg', 'http://ww1.sinaimg.cn/large/005yd9QTly1gceud6c3sbj309s09s3yv.jpg', 'http://ww4.sinaimg.cn/large/005yd9QTly1gceud6x5l4j309s09sweg.jpg', 'http://ww2.sinaimg.cn/large/005yd9QTly1gceud7iaq5j309s09smxf.jpg', 'http://ww4.sinaimg.cn/large/005yd9QTly1gceud7uqfsj309s09sjrk.jpg', 'http://ww3.sinaimg.cn/large/005yd9QTly1gceud8jkvwj309s09smwy.jpg', 'http://ww3.sinaimg.cn/large/005yd9QTly1gceud9bwn3j309s09saa0.jpg', 'http://ww2.sinaimg.cn/large/005yd9QTly1gceud9u5toj309s09sjrb.jpg', 'http://ww2.sinaimg.cn/large/005yd9QTly1gceuda4olej309s09smwz.jpg']",,
4477808891720450,IwEad7dzc,5086195723,诶岩哥哥,"分享@Dear-迪丽热巴,@汪苏泷的歌曲K偏偏(电视剧《三生三世枕上书》片尾曲)",,,"Dear-迪丽热巴,汪苏泷",,0,0,0,2020-03-01 23:24,荣耀10青春版,"['http://ww4.sinaimg.cn/large/005yd9QTly1gceucw7h15j309s09sglp.jpg', 'http://ww4.sinaimg.cn/large/005yd9QTly1gceucwezj3j309s09smxi.jpg', 'http://ww3.sinaimg.cn/large/005yd9QTly1gceucwmwf4j309s09s74d.jpg', 'http://ww3.sinaimg.cn/large/005yd9QTly1gceucwv9b1j309s09sq32.jpg', 'http://ww3.sinaimg.cn/large/005yd9QTly1gceucx325hj309s09s3yq.jpg', 'http://ww1.sinaimg.cn/large/005yd9QTly1gceucxa0bij309s09s3yn.jpg', 'http://ww4.sinaimg.cn/large/005yd9QTly1gceucxik7tj309s09saa9.jpg', 'http://ww3.sinaimg.cn/large/005yd9QTly1gceucxs5cvj309s09smxp.jpg', 'http://ww1.sinaimg.cn/large/005yd9QTly1gceucyely6j309s09swem.jpg']",,
4477808879077604,IwEabC5uY,7084260947,无边美艳迪丽热巴,@Dear-迪丽热巴我在#明星势力榜#内地榜上为你加油啦，你是我今生唯一的执著哦。棒棒哒！明星势力榜第5位,,,Dear-迪丽热巴,明星势力榜,0,0,0,2020-03-01 23:24,小米6X 拍人更美,,,
4477808833292259,IwEa7dOsX,5086195723,诶岩哥哥,感谢@Dear-迪丽热巴@汪苏泷为乐坛贡献了这么好听的歌K偏偏(电视剧《三生三世枕上书》片尾曲)，我要为TA在#音乐人先锋榜#上打打榜！,,,"Dear-迪丽热巴,汪苏泷",音乐人先锋榜,0,0,3,2020-03-01 23:24,荣耀10青春版,"['http://ww1.sinaimg.cn/large/005yd9QTly1gceucmud5nj309s09s3yp.jpg', 'http://ww1.sinaimg.cn/large/005yd9QTly1gceucn7eudj309s09sgm7.jpg', 'http://ww3.sinaimg.cn/large/005yd9QTly1gceucnesg0j309s09sglr.jpg', 'http://ww3.sinaimg.cn/large/005yd9QTly1gceucnno5pj309s09s74x.jpg', 'http://ww4.sinaimg.cn/large/005yd9QTly1gceucnx8y0j309s09sab4.jpg', 'http://ww1.sinaimg.cn/large/005yd9QTly1gceuco4zdtj309s09sgm4.jpg', 'http://ww2.sinaimg.cn/large/005yd9QTly1gceucorvijj309s09sjrt.jpg', 'http://ww4.sinaimg.cn/large/005yd9QTly1gceucp3a8cj309s09s0tz.jpg', 'http://ww1.sinaimg.cn/large/005yd9QTly1gceucpe03aj309s09swey.jpg']",,
4477808744989748,IwE9YkW3O,2817312911,洛阿璃,我踏过千山万水，只为遇到那个志趣相投的你，我关注了迪丽热巴超话，一起聊天哇！传送门→http://t.cn/RBS409d,,,,,0,0,0,2020-03-01 23:24,超话,,,
4477808657118596,IwE9PtRS4,5885775224,用户5885775224,迪丽热巴#迪丽热巴创造营2019##迪丽热巴极限挑战##中国YOUNG计划##热巴与Garmin带你型动##迪丽热巴电影日月##黑人牙膏亚太区代言人迪丽热巴#迪丽热巴dlrb求积分谢谢啦,,,,"迪丽热巴创造营2019,迪丽热巴极限挑战,中国YOUNG计划,热巴与Garmin带你型动,迪丽热巴电影日月,黑人牙膏亚太区代言人迪丽热巴",0,1,0,2020-03-01 23:24,iPhone客户端,['http://ww4.sinaimg.cn/large/006qk70sly1gceubz022rj32b51ardlr.jpg'],,
4477808564286626,IwE9GhZ98,1930927947,妮呢旎昵,迪丽热巴热巴独自美丽的分寸感谨慎简直活成了男小生顶流男idol,,,,,0,0,6,2020-03-01 23:23,迪丽热巴超话,,,
4477808493579239,IwE9zf17F,6410835897,太阳是我啃圜的,迪丽热巴可以给几个评论嘛,,,,,0,3,1,2020-03-01 23:23,迪丽热巴超话,['http://ww4.sinaimg.cn/large/006ZRdgZly1gceub98bmaj30bl0bl74h.jpg'],,
4477808430158616,IwE9t0Fgk,5261655515,元锁清,#电视剧三生三世十里桃花##电视剧三生三世枕上书##迪丽热巴##高伟光东华帝君##迪丽热巴白凤九#在十里桃花离小九的造型真的好好看，枕上书里小九的造型有待提高啊,,,,"电视剧三生三世十里桃花,电视剧三生三世枕上书,迪丽热巴,高伟光东华帝君,迪丽热巴白凤九",1,7,8,2020-03-01 23:23,荣耀V10 我AI的快,"['http://ww4.sinaimg.cn/large/005K5mXxgy1gceu8g8xxyj31o00u04fi.jpg', 'http://ww4.sinaimg.cn/large/005K5mXxgy1gceu8fj1tbj31o00u0k4t.jpg', 'http://ww4.sinaimg.cn/large/005K5mXxgy1gceu8hi1f8j31o00u0dt9.jpg', 'http://ww4.sinaimg.cn/large/005K5mXxgy1gceua8ukq7j31o00u0nh3.jpg', 'http://ww3.sinaimg.cn/large/005K5mXxgy1gceua7w0n0j31o00u0dv3.jpg', 'http://ww2.sinaimg.cn/large/005K5mXxgy1gceua9hducj31o00u019j.jpg']",,
4477808355421562,IwE9lmKoy,6598927392,当时年少春衫薄f,我正在#音乐人先锋榜#为@Dear-迪丽热巴@汪苏泷K偏偏(电视剧《三生三世枕上书》片尾曲)打榜！好音乐需要用行动来支持，你也来为喜欢的音乐人加油吧！,,,"Dear-迪丽热巴,汪苏泷",音乐人先锋榜,0,0,0,2020-03-01 23:22,vivo X21屏幕指纹手机,,,
4477808263261961,IwE9cdGAh,6574342002,娱乐圈小少爷,#电视剧三生三世枕上书#【三生三世】大白天没关门搂搂抱抱好吗帝君表示很好主演：迪丽热巴/高伟光L娱乐圈小少爷的微博视频,,,,电视剧三生三世枕上书,10,2,122,2020-03-01 23:22,三生三世枕上书超话,,"http://f.video.weibocdn.com/cQCV49YMlx07BmNJkMrC01041200mnWy0E010.mp4?label=mp4_ld&template=480x360.25.0&trans_finger=40a32e8439c5409a63ccf853562a60ef&ori=0&ps=1BVp4ysnknHVZu&Expires=1629790715&ssig=YKZvGavaQI&KID=unistore,video",
4477808241659662,IwE9a6XKK,6573835774,影剧爬虫,#电视剧三生三世枕上书#凤九真的是这么凶狠，还带有一丝丝可爱的小狐狸。主演：迪丽热巴/高伟光L影剧爬虫的微博视频,,,,电视剧三生三世枕上书,1,0,10,2020-03-01 23:22,三生三世枕上书超话,,"http://f.video.weibocdn.com/3ZFAmtqzlx07BmNJaxoc010412002Qcj0E010.mp4?label=mp4_ld&template=756x360.25.0&trans_finger=40a32e8439c5409a63ccf853562a60ef&ori=0&ps=1BVp4ysnknHVZu&Expires=1629790715&ssig=akZnHq0iWc&KID=unistore,video",
4477808229384152,IwE98Dnfi,6254048654,彧璎依珜,@Dear-迪丽热巴我在#明星势力榜#内地榜上为你加油啦，你是我今生唯一的执著哦。棒棒哒！明星势力榜第5位迪丽热巴@电视剧三生三世枕上书,,,"Dear-迪丽热巴,电视剧三生三世枕上书",明星势力榜,0,0,0,2020-03-01 23:22,iPhone客户端,"['http://ww4.sinaimg.cn/large/006PflKugy1gceu94rwwvj32ge4d57wh.jpg', 'http://ww2.sinaimg.cn/large/006PflKugy1gceu968ka7j31hc2i0th4.jpg']",,
4477808178712033,IwE93AyoF,6063043145,影视回忆杀,#三生三世枕上书#【#迪丽热巴##高伟光#】帝君、凤九深吻来袭！凤九验梦境的方法太特别了O网页链接,,,,"三生三世枕上书,迪丽热巴,高伟光",0,0,6,2020-03-01 23:22,微博视频号,,,
4477808153274997,IwE91dJYx,7367972102,葆婴-健康与创业理念82503,"迪丽热巴我和小伙伴们正在#女明星榜#为迪丽热巴打榜,实时排名第2名！VX搜索小程序【女明星榜】，一起来助力解锁更多福利吧，2020年，我们一起冲呀~",,,,女明星榜,0,0,0,2020-03-01 23:22,迪丽热巴超话,,,
4477808137414242,IwE8Zv6My,3900256352,怂怂居,迪丽热巴嗯迪丽热巴女士现在在我身边睡得挺香的，晚安了各位,,,,,0,8,19,2020-03-01 23:21,迪丽热巴超话,['http://ww1.sinaimg.cn/large/e8793060ly1gceu9ec37qj20k00iw750.jpg'],,
4477808094515437,IwE8ViWFD,6297570040,花晨小公子,我在迪丽热巴超话等级达到LV.4，获得江离头衔，老铁双击666，来迪丽热巴与我畅聊吧！,,,,,0,0,0,2020-03-01 23:21,超话,,,
4477808065833281,IwE8Sotvb,6229160453,沉迷热热无法自拔,迪丽热巴三生三世枕上书太争气了，加油，冲啊L沉迷热热无法自拔的微博视频,,,,,3,25,212,2020-03-01 23:21,迪丽热巴超话,,"http://f.video.weibocdn.com/000CqU9Ygx07BmNGgBF5010412004SSI0E010.mp4?label=mp4_ld&template=360x640.24.0&trans_finger=81b11b8c5ffb62d33ceb3244bdd17e7b&ori=0&ps=1BVp4ysnknHVZu&Expires=1629790715&ssig=4obY%2FSar0O&KID=unistore,video",
4477807968808404,IwE8IAXt2,6011464308,迷妹追星速报,#黄磊关注迪丽热巴超话#突然关注热巴超话黄磊老师也在追剧吗？,,,,黄磊关注迪丽热巴超话,0,0,4,2020-03-01 23:21,即刻笔记,"['http://ww3.sinaimg.cn/large/005Gyrr9ly1gce3vbmwpzj30qo094wid.jpg', 'http://ww3.sinaimg.cn/large/005Gyrr9ly1gce3vbsmfpj30qo0qoacs.jpg', 'http://ww3.sinaimg.cn/large/005Gyrr9ly1gce3vcbvunj30u00u0go4.jpg', 'http://ww2.sinaimg.cn/large/005Gyrr9ly1gce3vcqqksj30u00u044w.jpg', 'http://ww2.sinaimg.cn/large/005Gyrr9ly1gce3vd97thj30u00u0tct.jpg', 'http://ww4.sinaimg.cn/large/005Gyrr9ly1gce3vdjp8uj30qo1a8tcn.jpg', 'http://ww4.sinaimg.cn/large/005Gyrr9ly1gce3ve4t7dj30u00u0785.jpg', 'http://ww2.sinaimg.cn/large/005Gyrr9ly1gce3veo7mnj30z70ng11s.jpg', 'http://ww3.sinaimg.cn/large/005Gyrr9ly1gce3vbg861j30q80xo0y2.jpg']",,
4477807964809510,IwE8IkbaK,2729193923,喵酱的小剧场,迪丽热巴|阿兰若好飒阿兰若起点太低，低到让人心疼，同样是倒追，凤九有苦还能向司命等人说说，她不能，她只有青殿，同样是为自己爱的人默默的付出，一个等到了结果，一个到结局也不知道你爱的那个人也爱着你。她默默的承受一切却不显懦弱，看事很清楚，知道自己想要什么，因为爱，沉烨要救大公主，即使大公主对她很不好，她也要救，因为恩，替兄长上战场。她狂放洒脱，她亦委曲求全，她活在当下，又冷暖自知，这可能就是褪去神的外衣的凤九吧，相似又不同。她这一生太苦，唯一的甜可能是沉晔为她取名相里阿兰若，寂静，可她却豪放不羁，把苦难的一生活的淋漓酣畅。#电视剧三生三世枕上书#,,,,电视剧三生三世枕上书,79,120,546,2020-03-01 23:21,剧版三生三世枕上书超话,['http://ww2.sinaimg.cn/large/a2ac31c3ly1gceu4wm3g7g20jy0jye8d.jpg'],,
4477807918481176,IwE8DzAla,6605842723,今儿个娘娘美吗,#三生三世枕上书#【迪丽热巴、高伟光】又是一个坏消息，茶茶还以为凤九高兴过头了！O网页链接,,,,三生三世枕上书,0,0,2,2020-03-01 23:21,微博视频号,,,
4477807805171640,IwE8slHny,7247083487,任嘉嘉颖颖,迪丽热巴热巴好可爱啊🉑,,,,,0,0,1,2020-03-01 23:20,,['http://ww1.sinaimg.cn/large/007Us1tlly1gceu7qmgikj30r20l4405.jpg'],,
4477807578934912,IwE85Bunu,6499199262,佛系种草崽,迪丽热巴#由内而外自然更美#你粉的爱豆，她希望你过得好，希望你三观正，希望你和她一样勇敢温柔一如既往，而不是到处吃瓜撕逼惹是生非，然后转过头来告诉她你是为她好。,,,,由内而外 自然更美,0,1,18,2020-03-01 23:19,迪丽热巴超话,['http://ww3.sinaimg.cn/large/0075PYCyly1gceu54oes8j30qo0skgns.jpg'],,
4477807574721209,IwE85jOcx,3201436702,Truyee初一,每天都是沉迷女鹅美貌（划掉），性格的一天。迪丽热巴,,,,,0,14,17,2020-03-01 23:19,HUAWEI P20 Pro,"['http://ww2.sinaimg.cn/large/bed20c1egy1gch221hfg2j20u0140wkp.jpg', 'http://ww3.sinaimg.cn/large/bed20c1egy1gch221yo9uj20u0140wm4.jpg']",,
4477807529283349,IwE80CX1r,3205933003,漫辑,在《三生三世枕上书》中，@Dear-迪丽热巴一人饰演三角：凤九古灵精怪、九夫人明媚高贵、阿兰若神秘惊艳，演技到位且情感细腻。每一段戏都精彩绝伦，让人流连忘返[米奇比心]UP主：Dear迪丽热巴后援会L芒果娱乐的微博视频O网页链接,,,Dear-迪丽热巴,,0,1,0,2020-03-01 23:19,微博视频号,,"http://f.video.weibocdn.com/001eijzrgx07BkEHE4gn01041200pV8D0E010.mp4?label=mp4_ld&template=640x360.25.0&trans_finger=40a32e8439c5409a63ccf853562a60ef&ori=0&ps=1BVp4ysnknHVZu&Expires=1629790736&ssig=%2BW2HqbRfOp&KID=unistore,video",
4477807503228685,IwE7YdxVz,6016193146,汪仔不是旺仔罐头,感谢@Dear-迪丽热巴@汪苏泷为乐坛贡献了这么好听的歌K偏偏(电视剧《三生三世枕上书》片尾曲)，我要为TA在#音乐人先锋榜#上打打榜！,,,"Dear-迪丽热巴,汪苏泷",音乐人先锋榜,0,0,2,2020-03-01 23:19,会发光的Android,"['http://ww1.sinaimg.cn/large/006z9kFkgy1gceu71eelaj306i06imwy.jpg', 'http://ww2.sinaimg.cn/large/006z9kFkgy1gceu726m5nj306i06iq2x.jpg', 'http://ww2.sinaimg.cn/large/006z9kFkgy1gceu73kph0j306i06i743.jpg', 'http://ww4.sinaimg.cn/large/006z9kFkgy1gceu747tm3j306i06iweb.jpg', 'http://ww1.sinaimg.cn/large/006z9kFkgy1gceu74yhzkj306i06iwek.jpg', 'http://ww3.sinaimg.cn/large/006z9kFkgy1gceu75gdjqj306i06idfn.jpg', 'http://ww2.sinaimg.cn/large/006z9kFkgy1gceu75y7p8j306i06iq2s.jpg', 'http://ww3.sinaimg.cn/large/006z9kFkgy1gceu76lxhej306i06iaa3.jpg', 'http://ww3.sinaimg.cn/large/006z9kFkgy1gceu771003j306i06it8j.jpg']",,
4477807419585157,IwE7PEdxj,6179910451,追剧追点啥,#三生三世枕上书##迪丽热巴##高伟光#凤九这点道行还敢装失忆这下被帝君反将一军了吧O网页链接,,,,"三生三世枕上书,迪丽热巴,高伟光",0,0,17,2020-03-01 23:19,微博视频号,,,
4477807419206291,IwE7PCCYz,6183821481,影视8点档,#三生三世枕上书##迪丽热巴##高伟光#真的是没想到凤九成了阿兰若阿兰若也是苏陌叶的骨中骨，血中血啊L影视8点档的微博视频,,,,"三生三世枕上书,迪丽热巴,高伟光",0,0,5,2020-03-01 23:19,微博视频号,,"http://f.video.weibocdn.com/KGwcWj0jlx07BlTtIUmk010412004fBf0E010.mp4?label=mp4_ld&template=640x360.25.0&trans_finger=40a32e8439c5409a63ccf853562a60ef&ori=0&ps=1BVp4ysnknHVZu&Expires=1629790736&ssig=qXJoFNRbn7&KID=unistore,video",
4477807415250105,IwE7Pm1N7,3039352245,珍藏的动漫头像,夜深了，来一弹爱豆壁纸迪丽热巴太漂亮了吧！反正我很喜欢她，还喜欢她演的白凤九！#高清壁纸##小姐姐#简直就是女神啊！自取方法直接搜索关注丨公众号：幸运情头回复：15反正超多爱豆壁纸和情侣头像！@珍藏的动漫头像不清楚怎么取图的，看我置顶帖图9是入口；记得带上自取摩斯密码：15明天更新张云雷吧！祝你们好梦！我们明天见吧！,,,珍藏的动漫头像,"高清壁纸,小姐姐",0,0,12,2020-03-01 23:19,微博 weibo.com,"['http://ww1.sinaimg.cn/large/b528d5b5gy1gcereuzzsmj20k00xzmz4.jpg', 'http://ww2.sinaimg.cn/large/b528d5b5gy1gcerev1kg3j20gp0b9abh.jpg', 'http://ww1.sinaimg.cn/large/b528d5b5gy1gcerev2azxj20gc0m6gm1.jpg', 'http://ww1.sinaimg.cn/large/b528d5b5gy1gcerev0imoj20ge0anmy9.jpg', 'http://ww4.sinaimg.cn/large/b528d5b5gy1gcerev03xzj20fw0b1myo.jpg', 'http://ww1.sinaimg.cn/large/b528d5b5gy1gcerev0qkmj20f00b3t9j.jpg', 'http://ww2.sinaimg.cn/large/b528d5b5gy1gcerev4q6kj20hs0vmq4o.jpg']",,
4477807390584348,IwE7N2s0Y,2772651495,Vision_M,迪丽热巴逛了一圈，想问举报🐶行应该打什么电话以什么理由最好,,,,,0,8,14,2020-03-01 23:18,迪丽热巴超话,,,
4477807332045786,IwE7H8Acy,7388090235,热九九九,嘿buddy~来的正是时候！迪丽热巴超话是我最近感兴趣的地儿，来跟我一起来聊聊吧！就现在！戳这里→http://t.cn/RBS409d,,,,,0,0,0,2020-03-01 23:18,超话,,,
4477807306328447,IwE7EqyjJ,3381449514,杭州鱿鱼王,迪丽热巴这个娇韵诗广告里的妆容，有被美到，比以前有高级感。她真的不要画韩式平眉和浓重眼妆会比较好看,,,,,0,0,1,2020-03-01 23:18,iPhone客户端,"['http://ww1.sinaimg.cn/large/c98cd32aly1gceu4bo8t0j20yi0j8gos.jpg', 'http://ww4.sinaimg.cn/large/c98cd32aly1gceu4c2ptnj20yi0j3q5s.jpg', 'http://ww4.sinaimg.cn/large/c98cd32aly1gceu4cgqjjj20yi0j3wh7.jpg', 'http://ww3.sinaimg.cn/large/c98cd32aly1gceu4dcfdvj20yi0j5tbr.jpg', 'http://ww2.sinaimg.cn/large/c98cd32aly1gceu4dqegsj20yi0j4god.jpg', 'http://ww2.sinaimg.cn/large/c98cd32aly1gceu4eekemj20yi0iygoi.jpg']",,
4477807280954203,IwE7C40en,6580971056,呆萌的夏季大三角,我正在#明星权势榜#为迪丽热巴打榜!TA目前排在第16位!离前一名还差1329知名度!VX搜索明星权势榜小程序，和我一起为TA打榜!@明星权势榜,,,明星权势榜,明星权势榜,0,0,0,2020-03-01 23:18,微博小程序,,,
4477807260245243,IwE7A11Nx,5711432350,dearKuuuuuji_,3.1积分谢谢大家#迪丽热巴白凤九#💜#迪丽热巴三生三世枕上书#💜#迪丽热巴#💜#电视剧三生三世枕上书#💜#迪丽热巴凤九哭戏#💜#迪丽热巴阿兰若#💜#迪丽热巴swisse品牌代言人#💜#迪丽热巴代言娇韵诗#💜#MIKIMOTO亚洲代言人迪丽热巴#,,,,"迪丽热巴白凤九,迪丽热巴三生三世枕上书,迪丽热巴,电视剧三生三世枕上书,迪丽热巴凤九哭戏,迪丽热巴阿兰若,迪丽热巴swisse品牌代言人,迪丽热巴代言娇韵诗,MIKIMOTO亚洲代言人迪丽热巴",0,27,0,2020-03-01 23:18,迪丽冷巴超话,,,
4477807160046668,IwE7q0c8I,2589436514,情感与时尚,#黄磊关注迪丽热巴超话#黄磊居然关注迪丽热巴的超话了，但微博并没有关注迪丽热巴这是手滑吗……,,,,黄磊关注迪丽热巴超话,0,1,1,2020-03-01 23:18,微博 weibo.com,['http://ww2.sinaimg.cn/large/b47ee818gy1gce5f2sbx6j20ku0630tu.jpg'],,
4477807155460543,IwE7pmUxh,6539042856,热巴味的小甜甜,迪丽热巴优秀我迪。520天，爱你依旧如初@Dear-迪丽热巴@嘉行迪丽热巴工作室,,,"Dear-迪丽热巴,嘉行迪丽热巴工作室",,0,0,3,2020-03-01 23:18,迪丽热巴超话,"['http://ww3.sinaimg.cn/large/0078x9Laly1gceu51eegjj30zk0qoad0.jpg', 'http://ww3.sinaimg.cn/large/0078x9Laly1gceu51wehwj30qo0zkdhp.jpg', 'http://ww4.sinaimg.cn/large/0078x9Laly1gceu52882cj30u014042t.jpg', 'http://ww3.sinaimg.cn/large/0078x9Laly1gceu53461kj30u01b3n26.jpg', 'http://ww3.sinaimg.cn/large/0078x9Laly1gceu53lh9pj30p80zkq3z.jpg', 'http://ww3.sinaimg.cn/large/0078x9Laly1gceu540ab4j30n00xi78p.jpg']",,
4477807138222017,IwE7nyuVb,7236797730,失念201907,@Dear-迪丽热巴我在#明星势力榜#内地榜上为你加油啦，你是我今生唯一的执著哦。棒棒哒！明星势力榜第5位,,,Dear-迪丽热巴,明星势力榜,0,0,0,2020-03-01 23:17,vivo智能手机,,,
4477807079514856,IwE7hDVfq,2553524431,Godiva-椰子壳,如果是真的好棒哦，优秀的人放在哪里都是闪耀的星星@Dear-迪丽热巴这次播放量也在节节高升，好开心😁迪丽热巴#迪丽热巴三生三世枕上书#,,,Dear-迪丽热巴,迪丽热巴三生三世枕上书,0,0,0,2020-03-01 23:17,,['http://ww4.sinaimg.cn/large/9833b0cfgy1gceu4p9sxgj20qo0yktcx.jpg'],,
4477806953665403,IwE75fnxp,6540801463,见过最多星星的兔子·,迪丽热巴反黑站@Dear-迪丽热巴流言蜚语并不可怕，你要挺住，你的身后，爱丽丝都在2020年，爱丽丝也会继续陪着你走下去,,,Dear-迪丽热巴,,0,0,5,2020-03-01 23:17,迪丽热巴反黑站超话,['http://ww2.sinaimg.cn/large/0078ExfNgy1gceu41gohtg30jg0t6dzy.jpg'],,
4477806949808753,IwE74F9HH,6231957002,QQ不給麥芬就撕票,迪丽热巴習慣性到蝦皮搜尋熱巴居然讓我看到了這個！！！這是剛好還是...？！？,,,,,0,4,0,2020-03-01 23:17,Android客户端,"['http://ww4.sinaimg.cn/large/006NKEHwgy1gceu4nu9mkj3140280hac.jpg', 'http://ww2.sinaimg.cn/large/006NKEHwgy1gceu4oyuz8j3140280qaj.jpg']",,
4477806870526792,IwE6X2d2E,5141152814,心巴心巴,#迪丽热巴#牛🐮🐮,,,,迪丽热巴,0,0,0,2020-03-01 23:16,微博 HTML5 版,,,
4477806862091316,IwE6W8M2U,7381867274,忠怡333,#迪丽热巴#关注我。,,,,迪丽热巴,0,0,8,2020-03-01 23:16,vivo智能手机,"['http://ww1.sinaimg.cn/large/0083zyToly1gceu47nz7pj30iw0xk0v0.jpg', 'http://ww4.sinaimg.cn/large/0083zyToly1gceu483wgmj30n915bq60.jpg', 'http://ww2.sinaimg.cn/large/0083zyToly1gceu48epopj30ds0ohq4a.jpg', 'http://ww2.sinaimg.cn/large/0083zyToly1gceu48umn0j30jk0yqmzl.jpg', 'http://ww2.sinaimg.cn/large/0083zyToly1gceu494rljj30k50zudhz.jpg']",,
4477806848851218,IwE6UB8BA,6274465503,嗑瓜子每日专用,迪丽热巴和高伟光主演的《三生三世枕上书》要在韩国上星了，你觉得什么水平？,,,,,111,132,1373,2020-03-01 23:16,Android,"['http://ww2.sinaimg.cn/large/006QD16vly1gceu3nubxdj30qo0wtwh4.jpg', 'http://ww2.sinaimg.cn/large/006QD16vly1gceu3o92t4j30qx0x377q.jpg']",,
4477806803124698,IwE6Qd6Sm,6693825118,折花载酒-,迪丽热巴皎皎河汉女考古快乐,,,,,0,10,34,2020-03-01 23:16,迪丽热巴超话,['http://ww2.sinaimg.cn/large/007j0BHggy1gceu3qo4tyj30xc0m8e81.jpg'],,
4477806795171352,IwE6PlHiU,6089770963,小小姑娘大力士,我真的要说句实话，一个人红了就容易遭人嫉妒，遭人抹黑，他没什么错，却被你们在诬陷。我希望大家做好自己就行了，喜欢的人不同很正常，干嘛挑别人家的的错。我喜欢热巴几年来，一直有人在黒她，我就想不明白人家惹你了还是怎么着，反正无论你怎么说我都不会信。其他家的粉丝嘴巴干净点，我们都是有素质的人，不要给你家丢人。真的，中国法律改治一下网络暴力这件事。多一些正能量，少一些黑暗。热巴姐姐，我只知道，你是我女神，而且不会变，永远支持你。#迪丽热巴#,,,,迪丽热巴,0,5,12,2020-03-01 23:16,荣耀9青春版 全屏四摄,,,
4477806773530366,IwE6NeOpo,5271053259,阿威鱼塘千千万,【#三生三世枕上书#迪丽热巴高伟光】东华在宴席上说，自己吃苏陌叶的醋！L代表小人的微博视频,,,,三生三世枕上书,0,0,5,2020-03-01 23:16,iPhone客户端,,"http://f.video.weibocdn.com/000NpSnPgx07BmNkc6AM010412003FBX0E010.mp4?label=mp4_ld&template=672x360.25.0&trans_finger=40a32e8439c5409a63ccf853562a60ef&ori=0&ps=1BVp4ysnknHVZu&Expires=1629790757&ssig=HVLiNcVsCc&KID=unistore,video",
4477806773616674,IwE6NfaRs,6139946945,是裴兔牙,我在#微博剧集榜#追剧打卡，我今天也有追三生三世枕上书哦，今天你追剧了吗？#迪丽热巴三生三世枕上书#O三生三世枕上书,,,,"微博剧集榜,迪丽热巴三生三世枕上书",0,0,0,2020-03-01 23:16,iPhone客户端,,,
4477806715360016,IwE6HmunS,5653594389,木兮枝H,#微博卡片背景#是漂亮的热巴呀~我正在使用“迪丽热巴”会员专属卡片背景，你也一起来试试吧！O卡片背景：迪丽热巴,,,,微博卡片背景,0,0,0,2020-03-01 23:16,微博会员中心,,,
4477806559738697,IwE6rERtL,7314037416,用户7314037416,嘿buddy~来的正是时候！迪丽热巴超话是我最近感兴趣的地儿，来跟我一起来聊聊吧！就现在！戳这里→http://t.cn/RBS409d,,,,,0,0,0,2020-03-01 23:15,超话,,,
4477806514104148,IwE6nhdFW,6433575654,鹿呦兮,我刚刚关注了迪丽热巴超话，你也来看看？超话传送门→http://t.cn/RBS409d,,,,,0,0,0,2020-03-01 23:15,超话,,,
4477806442694910,IwE6gbj4i,5836553083,想喝星冰乐吖,我刚刚关注了迪丽热巴超话，你也来看看？超话传送门→http://t.cn/RBS409d,,,,,0,0,0,2020-03-01 23:15,超话,,,
4477806408494220,IwE6czDJy,6063043139,美食番体验,#三生三世枕上书##迪丽热巴##高伟光#帝君吃了一口糖醋鱼，好像想起了某人，没错，他想凤九啦！L美食番体验的微博视频,,,,"三生三世枕上书,迪丽热巴,高伟光",0,0,5,2020-03-01 23:15,微博视频号,,"http://f.video.weibocdn.com/B5piiuozlx07Bhoi66as010412004ue30E010.mp4?label=mp4_ld&template=640x360.25.0&trans_finger=40a32e8439c5409a63ccf853562a60ef&ori=0&ps=1BVp4ysnknHVZu&Expires=1629790778&ssig=xbUKaUnsNi&KID=unistore,video",
4477806362842617,IwE68bVuF,6592708649,HD0603,#电视剧三生三世枕上书##迪丽热巴白凤九#沈晔和阿兰若的故事线也太扎心了,,,,"电视剧三生三世枕上书,迪丽热巴白凤九",0,0,0,2020-03-01 23:14,荣耀20,,,
4477806358641639,IwE67Ag5h,5247567188,我想当球鞋锦鲤,"我为@Dear-迪丽热巴贡献星光，疯狂艾特@腾讯视频,快送我去#星光大赏#现场为爱豆打call！O星光大赏星光能量榜",,,"Dear-迪丽热巴,腾讯视频",星光大赏,0,0,0,2020-03-01 23:14,荣耀V9 我想要的快,,,
4477806304108717,IwE62heRD,3740785185,西北傲娇的狼,@Dear-迪丽热巴我在#明星势力榜#内地榜上为你加油啦，你是我今生唯一的执著哦。棒棒哒！明星势力榜第5位,,,Dear-迪丽热巴,明星势力榜,0,0,0,2020-03-01 23:14,iPhone客户端,,,
4477806228060000,IwE5UxOM0,2338732210,芒果捞小妖,#电视剧三生三世枕上书#热巴超美呀#迪丽热巴#加油！加油！加油！,,,,"电视剧三生三世枕上书,迪丽热巴",0,0,0,2020-03-01 23:14,HUAWEI nova 2s,"['http://ww1.sinaimg.cn/large/8b6638b2ly1gceu1f1t96j20tz12043q.jpg', 'http://ww4.sinaimg.cn/large/8b6638b2ly1gceu1f9l2qj20sx19egrg.jpg', 'http://ww1.sinaimg.cn/large/8b6638b2ly1gceu1fozwsj20mr0yvjv7.jpg', 'http://ww1.sinaimg.cn/large/8b6638b2ly1gceu1fyywgj20qo0lagol.jpg', 'http://ww4.sinaimg.cn/large/8b6638b2ly1gceu1gfioej20qo0wtgop.jpg', 'http://ww2.sinaimg.cn/large/8b6638b2ly1gceu1ih8mhj20pa0tqgpk.jpg']",,
4477806165811425,IwE5OonOF,5835640836,木大夫分享,#最好看的鼻子大赛#什么样的鼻子才好看？鼻子的重要程度不言而喻，我们今天说说什么样的鼻子才是好看的鼻子。1.大小和角度一般来说，理想的鼻长应该为面部的1/3，鼻宽应为面部的1/5，也就是我们平常说的三庭五眼。鼻子与额头所呈角度要在125°-135°达到额部到鼻尖柔和的S曲线。鼻子与上嘴唇所呈角度应是95°-110°达到性感的鼻唇弧度及立体水滴鼻孔。2、鼻子的形态最近大家熟知的迪丽热巴，不仅鼻基底高，而且形态高挺而笔直，显得立体又好看。杨幂的鼻子则属于是小翘鼻的类型，鼻尖翘起，显得俏皮又精致。而男士跟女士的审美标准也不太一样，男性隆鼻更着重于塑造男性的刚毅之美，隆鼻的鼻梁与额部交角更锐，女性则更为柔和小巧更为美观。3、海鸥线，双C线海鸥线是从一侧鼻翼到鼻尖，再到对侧的鼻翼的这一条弧线。鼻头应比鼻翼更低，连城的线就如同展翅的海鸥。双C线是指眉心向鼻梁中部延伸的两条抛物线，形成C的弧度，是最为美观的。而天生有鼻子缺陷的妹子们，想要改变自己的鼻型，选择正确的医院和听取医生的专业建议，找到适合自己的审美标准的隆鼻方案是尤为重要的。LEbriety·的微博视频L育儿健康life的微博视频,,,,最好看的鼻子大赛,0,0,0,2020-03-01 23:14,微博视频号,,"http://f.video.weibocdn.com/002LItslgx07BmNajTv101041200vrrS0E010.mp4?label=mp4_ld&template=360x640.24.0&trans_finger=81b11b8c5ffb62d33ceb3244bdd17e7b&ori=0&ps=1BVp4ysnknHVZu&Expires=1629790778&ssig=3Agk8HJGPP&KID=unistore,video",
4477806157378995,IwE5NuXC3,6579479466,热门影视看不停,#三生三世枕上书#【#迪丽热巴##高伟光#】《三生三世枕上书》姬蘅说话太狠了，凤九哭得好可怜，心疼！L热门影视看不停的微博视频,,,,"三生三世枕上书,迪丽热巴,高伟光",0,1,5,2020-03-01 23:14,微博视频号,,"http://f.video.weibocdn.com/jKZ32ebalx07BjgrPuMU010412003ZMk0E010.mp4?label=mp4_ld&template=640x360.25.0&trans_finger=40a32e8439c5409a63ccf853562a60ef&ori=0&ps=1BVp4ysnknHVZu&Expires=1629790778&ssig=NrlcFNaioO&KID=unistore,video",
4477806152710321,IwE5Nbn4R,6635951755,hhhhiahia,我丢我最喜欢迪丽热巴了,,,,,0,0,1,2020-03-01 23:14,荣耀20i,,,
4477806027281594,IwE5Auyh4,5827832988,追迪迪的Coco,迪丽热巴啊啊啊啊啊，我刚看到，我也抽中了！！！！！！,,,,,0,30,66,2020-03-01 23:13,迪丽热巴超话,['http://ww3.sinaimg.cn/large/006moZAggy1gceu08k32kj30u01s67i8.jpg'],,
4477806010830302,IwE5z3tZY,1922465155,Dear-dx,我为迪丽热巴贡献407影响力，超话目前还差125390影响力超越上一名！戳这里→O网页链接~跟我一起打榜应援爱豆提升排名吧~,,,,,0,0,0,2020-03-01 23:13,超话,,,
4477806001712545,IwE5y7bvH,1979604325,_naluhodo,迪丽热巴吃瓜的请换小号好吗,,,,,0,0,17,2020-03-01 23:13,迪丽热巴超话,,,
4477805973175346,IwE5vdk3g,5832806354,小透明彭彭,我刚使用会员特权送给了@Dear-迪丽热巴3朵鲜花，希望陪你从开始到未来的每一个高光时刻，我们一起走花路吧！Dear-迪丽热巴已收到861869朵花,,,Dear-迪丽热巴,,0,0,0,2020-03-01 23:13,明星势力榜鲜花,,,
4477805947462749,IwE5svjoV,6200185265,Happy-江江,周日独家大料肖战这次的事件发酵到现在已经不单纯是自家粉丝的事了，他这一年太出头了，很多对家都安排了职黑下场掺和。安慕希想推代言人王一博去上跑男，但王一博不可能和蓝台有牵扯，所以现在安慕希打算换代盐人了。高伟光和迪丽热巴私下关系很一般，两人虽是一个公司但不是一个阵营的。四字女星有想和经纪人解约的想法，但就是还没想清楚怎么走下一步，这个经纪人向来挺记仇的。小美人鱼因为家里老来得女的原因，所以从小就被惯坏了，她现在在家里话语权挺大的，因为她最有钱。李易峰本人已经放弃这部新剧了，但他的粉丝挺不甘心的，把剧方合作演员都撕了个遍。异域女星因为新剧被吐槽得很惨，最近又跑去打针了，她之前美打得太多导致身体一直很差。张哲瀚现在是跟着燕子的，张哲瀚很豁得出去，一起出去参加饭局很会博大佬开心，燕子挺器重他的。张雪迎现在很讨厌秦俊杰，她觉得自己口碑变差都是因为男方，还出手搅黄过秦俊杰的资源。陈乔恩过年期间一直和男友待在一起，她现在接不到好的资源，所以干脆就过自己的小日子去了。,,信阳,,,0,1,2,2020-03-01 23:13,五星入门机 Redmi 8,,,
4477805918667951,IwE5pAmVF,6042105302,君子好剧,#三生三世枕上书#迪丽热巴x高伟光帝君大型撒狗粮现场，帝君丝毫不在意别人的眼光，大家吃狗粮啊！O网页链接,,,,三生三世枕上书,0,1,13,2020-03-01 23:13,微博视频号,,,
4477805875775027,IwE5loelB,6019396435,潇湘菡子,迪丽热巴#迪丽热巴白凤九##迪丽热巴swisse品牌代言人##迪丽热巴三生三世枕上书#姐妹们，阿丝儿们，你们还有这张原图或其他版本的吗？跪求！！！,,,,"迪丽热巴白凤九,迪丽热巴swisse品牌代言人,迪丽热巴三生三世枕上书",0,0,5,2020-03-01 23:12,迪丽热巴超话,['http://ww2.sinaimg.cn/large/006zmLZhly1gcetyvyzypj30u00eigor.jpg'],,
4477805876532537,IwE5lrppv,6300499809,是小作精也是可爱精,我为迪丽热巴贡献75影响力，超话目前还差125776影响力超越上一名！戳这里→O网页链接~跟我一起打榜应援爱豆提升排名吧~,,,,,0,0,0,2020-03-01 23:12,超话,,,
4477805809384977,IwE5eDnsB,7291353671,曼达林19,迪丽热巴任何时候专注自家，禁止口嗨,,,,,0,0,8,2020-03-01 23:12,迪丽热巴超话,['http://ww1.sinaimg.cn/large/007XrMazly1gceu06spygj30u00u0mz6.jpg'],,
4477805775740168,IwE5bo5hm,7401717191,女乃并瓦_cfk,嘿buddy~来的正是时候！迪丽热巴超话是我最近感兴趣的地儿，来跟我一起来聊聊吧！就现在！戳这里→http://t.cn/RBS409d,,,,,0,0,0,2020-03-01 23:12,超话,,,
4477805746232385,IwE58q9kl,7401727825,莫道当时已枉然_qr,#迪丽热巴swisse品牌代言人##迪丽热巴白凤九#要手打不要复制！,,,,"迪丽热巴swisse品牌代言人,迪丽热巴白凤九",0,0,0,2020-03-01 23:12,iPhone客户端,['http://ww4.sinaimg.cn/large/0084UTwRly1gcetzxsx8uj308c04p0t2.jpg'],,
4477805729633296,IwE56Eq3K,7388971344,用户7388971344,我刚刚关注了迪丽热巴超话，你也来看看？超话传送门→http://t.cn/RBS409d,,,,,0,0,0,2020-03-01 23:12,超话,,,
4477805679028674,IwE51BSLM,6063043137,八锅梦煲剧,#三生三世枕上书##迪丽热巴##高伟光#阿兰若之“谜”即将揭晓，梦境真相，期待啊！L八锅梦煲剧的微博视频,,,,"三生三世枕上书,迪丽热巴,高伟光",0,0,1,2020-03-01 23:12,微博视频号,,"http://f.video.weibocdn.com/dC8RfnYFlx07BkIaeDVS0104120056pc0E010.mp4?label=mp4_ld&template=640x360.25.0&trans_finger=40a32e8439c5409a63ccf853562a60ef&ori=0&ps=1BVp4ysnknHVZu&Expires=1629790799&ssig=gDzNxRbLch&KID=unistore,video",
4477805662463602,IwE50akTw,6579495151,Dear-Gpp,44天50亿#迪丽热巴三生三世枕上书#,,,,迪丽热巴三生三世枕上书,0,0,0,2020-03-01 23:12,vivo智能手机,,,
4477805654034562,IwE4ZgVzA,5605222580,啊静粒子,【凤九阿兰若x茶茶】|迪丽热巴叶芸菲B站：O网页链接殿下殿下殿下～致我们最可爱的•总是为阿兰若殿下着想的•疯狂复读机•茶茶#电视剧三生三世枕上书#@Dear-迪丽热巴@叶芸菲Fay世界第一可爱的殿下和茶茶L啊静粒子的微博视频,,,"Dear-迪丽热巴,叶芸菲Fay",电视剧三生三世枕上书,5,16,149,2020-03-01 23:12,剧版三生三世枕上书超话,,"http://f.video.weibocdn.com/CvtC892glx07BmN1pYj601041200abWU0E010.mp4?label=mp4_ld&template=720x360.25.0&trans_finger=bdef57f06ae52835a2c783ca389e8517&ori=0&ps=1BVp4ysnknHVZu&Expires=1629790799&ssig=HgDGKcdUTv&KID=unistore,video",
4477805557859522,IwE4PwYCu,6918896687,奶迪奶迪迪,#迪丽热巴白凤九#dlrb#迪丽热巴三生三世枕上书#【迪丽热巴dlrb热巴四字女星九字女星大连日报滴滴叭叭】@Dear-迪丽热巴,,,Dear-迪丽热巴,"迪丽热巴白凤九,迪丽热巴三生三世枕上书",0,0,0,2020-03-01 23:11,Android,"['http://ww3.sinaimg.cn/large/007yeZ5Rly1gcetyijkffj30ku10mwjf.jpg', 'http://ww1.sinaimg.cn/large/007yeZ5Rly1gcetynq8tij313w218npe.jpg', 'http://ww3.sinaimg.cn/large/007yeZ5Rly1gcetz473h6j31xi2w97wp.jpg']",,
4477805536797013,IwE4Nswdf,7401727825,莫道当时已枉然_qr,#迪丽热巴swisse品牌代言人##迪丽热巴白凤九#,,,,"迪丽热巴swisse品牌代言人,迪丽热巴白凤九",0,0,0,2020-03-01 23:11,iPhone客户端,['http://ww3.sinaimg.cn/large/0084UTwRly1gcetz2qntwj30wo0k078n.jpg'],,
4477805510876875,IwE4L3G79,3739051295,小酒火尧,困死在阿兰若里出来不，感觉这个更像活的热巴困的死死的！迪丽热巴#迪丽热巴白凤九##电视剧三生三世枕上书#@Dear-迪丽热巴,,,Dear-迪丽热巴,"迪丽热巴白凤九,电视剧三生三世枕上书",0,0,0,2020-03-01 23:11,白凤九的路Android,"['http://ww1.sinaimg.cn/large/dedd651fgy1gcetyryc8nj21hc2i1dt9.jpg', 'http://ww1.sinaimg.cn/large/dedd651fgy1gcetysrvmnj21hc2i1kam.jpg', 'http://ww2.sinaimg.cn/large/dedd651fgy1gcetytj37yj21hc2i1k72.jpg']",,
4477805473579677,IwE4Hf1eJ,7392661646,dilireba小迪520,虽喜欢国超不到一个月，但他，在我心里与喜欢了将近两年的鞠婧祎和喜欢了将近三年的迪丽热巴，一样重要，也是因为他们，我才会觉得我在世上的真正意义，等我，总有一天，我会带着演员的身份，跟你们相见,,,,,0,0,1,2020-03-01 23:11,vivo Y5s 闪充强续航,['http://ww3.sinaimg.cn/large/0084iR0agy1gcetufs1kyj30jg0ykgp1.jpg'],,
4477805419361710,IwE4BDhpk,5585386410,粉晶晶剧靓,迪丽热巴的原声好甜，台词功底不错啊！你们觉得怎么样呢,,,,,0,2,6,2020-03-01 23:11,,['http://ww1.sinaimg.cn/large/0065ZI9Aly1gcetyjdxr5j30hs0lrta9.jpg'],,
4477805394340332,IwE4zid7m,6918896687,奶迪奶迪迪,#迪丽热巴白凤九#dlrb#迪丽热巴三生三世枕上书#【迪丽热巴dlrb热巴四字女星九字女星大连日报滴滴叭叭】@Dear-迪丽热巴,,,Dear-迪丽热巴,"迪丽热巴白凤九,迪丽热巴三生三世枕上书",0,0,0,2020-03-01 23:11,Android,"['http://ww4.sinaimg.cn/large/007yeZ5Rly1gcety61voij32bc1jk4qq.jpg', 'http://ww4.sinaimg.cn/large/007yeZ5Rly1gcety79wsfj30kt0nyn2s.jpg', 'http://ww1.sinaimg.cn/large/007yeZ5Rly1gcetygnz38j31ux2sdhdw.jpg']",,
4477805322994315,IwE4scyXp,6179910873,追剧十级少女,【#电视剧三生三世枕上书#】@Dear-迪丽热巴@深情的高伟光成玉元君和连宋打架正好被东华帝君看到了L找对象不如追剧的微博视频,,,"Dear-迪丽热巴,深情的高伟光",电视剧三生三世枕上书,0,0,1,2020-03-01 23:10,电视剧三生三世枕上书超话,,"http://f.video.weibocdn.com/7CS1LU5Ilx07Bm3H3u8U01041200inmm0E010.mp4?label=mp4_ld&template=640x360.25.0&trans_finger=40a32e8439c5409a63ccf853562a60ef&ori=0&ps=1BVp4ysnknHVZu&Expires=1629790799&ssig=f7RhGEX9FT&KID=unistore,video",
4477805268120190,IwE4my4qO,6152928393,西北孤傲的狼王之夫,@Dear-迪丽热巴我在#明星势力榜#内地榜上为你加油啦，你是我今生唯一的执著哦。棒棒哒！明星势力榜第5位,,,Dear-迪丽热巴,明星势力榜,0,0,0,2020-03-01 23:10,iPhone客户端,,,
4477805243101185,IwE4kd0L7,1562331442,新年暴富的小雪梨,Wuli@Dear-迪丽热巴@汪苏泷的歌K偏偏(电视剧《三生三世枕上书》片尾曲)太好听了，我要用尽洪荒之力为TA在#音乐人先锋榜#上打榜！,,,"Dear-迪丽热巴,汪苏泷",音乐人先锋榜,0,0,0,2020-03-01 23:10,vivo X23 AI非凡摄影,['http://ww2.sinaimg.cn/large/5d1f4932gy1gcetxu4xqvj20qm19ch96.jpg'],,
4477805242826199,IwE4kbRdR,5651989157,阿鸢大美女i,喜欢男明星太费心了，还是跟我一样喜欢小姐姐吧，推荐一下#迪丽热巴##郑爽#(･ิϖ･ิ)っ,,,,"迪丽热巴,郑爽",0,0,18,2020-03-01 23:10,OPPO R9s,,,
4477805238876810,IwE4jBfgm,6334115037,啵一口小巴,迪丽热巴每天呼吸着爱你的空气,,,,,0,0,3,2020-03-01 23:10,迪丽热巴超话,['http://ww3.sinaimg.cn/large/006UFiFLgy1gcetxtrm97j30j60j7go6.jpg'],,
4477805196737198,IwE4fsgEu,6094342325,借一份热爱Love,迪丽热巴晚安，相里阿兰若，你做到了隐忍，坚强，但你爱的世界终究负了你，来生，好好爱自己,,,,,1,0,3,2020-03-01 23:10,迪丽热巴超话,['http://ww2.sinaimg.cn/large/006ErePXly1gcetvs29ewj30u0164jy9.jpg'],,
4477805184093156,IwE4ehaOE,1562331442,新年暴富的小雪梨,才华横溢的@Dear-迪丽热巴@汪苏泷发新歌K偏偏(电视剧《三生三世枕上书》片尾曲)了！快来#音乐人先锋榜#为TA打榜吧！,,,"Dear-迪丽热巴,汪苏泷",音乐人先锋榜,0,0,0,2020-03-01 23:10,vivo X23 AI非凡摄影,,,
4477805167496283,IwE4cvs7N,3039352245,珍藏的动漫头像,爱豆壁纸时间！#小姐姐#太漂亮了吧！我们的#迪丽热巴#来了呀！你肯定也喜欢她的。超喜欢的#高清壁纸#热巴美图，这只是一部分；需要全部无水印原图直接搜关注丨公众号：幸运情头回复：15哈哈，这还有你们的爱豆呢！你留言就给你准备好看的图哈。更新预告：女神壁纸！大家喜欢图可以留言，我给你发过去就好了！还不清楚怎么自取的，看置顶帖图9是入口哈！自取摩斯密码：15我们深夜见哈~设为锁屏壁纸，天天看热巴！,,,,"小姐姐,迪丽热巴,高清壁纸",0,0,8,2020-03-01 23:10,微博 weibo.com,"['http://ww1.sinaimg.cn/large/b528d5b5gy1gcerd7gqevj20hs0qognr.jpg', 'http://ww4.sinaimg.cn/large/b528d5b5gy1gcerd7f215j20hs0vmdhl.jpg', 'http://ww2.sinaimg.cn/large/b528d5b5gy1gcerd7ecwoj20k00odjs3.jpg', 'http://ww2.sinaimg.cn/large/b528d5b5gy1gcerd7faepj20k00ppmxw.jpg', 'http://ww1.sinaimg.cn/large/b528d5b5gy1gcerd7hgzwj21hc0u0diz.jpg', 'http://ww4.sinaimg.cn/large/b528d5b5gy1gcerd7g9bij20on15omz5.jpg', 'http://ww2.sinaimg.cn/large/b528d5b5gy1gcerd7m29dj20u019075m.jpg']",,
4477804924352381,IwE3OigfH,7315767525,恋迪慕颖_,#迪丽热巴#迪丽热巴🈲二改去水印.🉑二转加文字做视频.标明来源,,,,迪丽热巴,0,0,0,2020-03-01 23:09,OPPO智能手机,"['http://ww1.sinaimg.cn/large/007Z6dkply1gcetwbamvej30w01kwhdt.jpg', 'http://ww3.sinaimg.cn/large/007Z6dkply1gcetwcd0r7j30w01kwkjl.jpg', 'http://ww2.sinaimg.cn/large/007Z6dkply1gcetwdancsj30w01kwkjl.jpg', 'http://ww1.sinaimg.cn/large/007Z6dkply1gcetwe84d9j30w01kw4qp.jpg', 'http://ww1.sinaimg.cn/large/007Z6dkply1gcetwf4qn5j30w01kw7wh.jpg', 'http://ww1.sinaimg.cn/large/007Z6dkply1gcetwg1wybj30w01kw4qp.jpg']",,
4477804915639740,IwE3NnF9y,7401727841,旧梦颜_hfy,#迪丽热巴白凤九##迪丽热巴swisse品牌代言人#冲冲,,,,"迪丽热巴白凤九,迪丽热巴swisse品牌代言人",0,0,0,2020-03-01 23:09,iPhone客户端,['http://ww3.sinaimg.cn/large/0084UTx7ly1gcetwia0uuj30u0161wpc.jpg'],,
4477804907794466,IwE3MwHHc,6063043074,台下十年功夫,【#三生三枕上书#迪丽热巴&高伟光】母女一唱一和，想让阿兰若在众人面前丢脸，不料被反怼了！L台下十年功夫的微博视频,,,,三生三枕上书,0,0,5,2020-03-01 23:09,微博视频号,,"http://f.video.weibocdn.com/3qID2ao7lx07BmpoNx4s010412007SZ30E010.mp4?label=mp4_ld&template=640x360.25.0&trans_finger=40a32e8439c5409a63ccf853562a60ef&ori=0&ps=1BVp4ysnknHVZu&Expires=1629790819&ssig=JkYYbG1%2FlP&KID=unistore,video",
4477804898625323,IwE3LAbQ7,5666949624,痘痘什么时候消失,@Dear-迪丽热巴,,,Dear-迪丽热巴,,0,0,0,2020-03-01 23:09,OPPO R9s,,,
4477804878312429,IwE3JySrr,3898387890,言勿点点,迪丽热巴近两年真的不咋追剧了，18年追了热巴的《一千零一夜》，后面纵然身旁的人说着香蜜多好看，亲爱的热爱的多好看，锦衣卫好看……我愣是一部没看（真的是一集一点都没看那种）直到《枕上书》的出现，我已经反复刷了好几遍了，弃剧的同事也被我形容的真香画面打动了，再次拾起另外腾讯每天都有记得发电哦,,,,,0,50,257,2020-03-01 23:08,迪丽热巴超话,['http://ww2.sinaimg.cn/large/e85cadb2gy1gceton3o9xj20qy1akgpy.jpg'],,
4477804798551651,IwE3BzSFR,5669088923,一颗白凤丸丸,我刚使用会员特权送给了@Dear-迪丽热巴3朵鲜花，希望陪你从开始到未来的每一个高光时刻，我们一起走花路吧！Dear-迪丽热巴已收到861869朵花,,,Dear-迪丽热巴,,0,0,0,2020-03-01 23:08,明星势力榜鲜花,,,
4477804793773209,IwE3BfPAd,5685875600,Dear迪丽热巴网宣组,迪丽热巴超话每日提醒🍒今日超话规则科普:🈲发求踢求水积分贴，禁吃瓜信瓜，禁发无意义投票🍒今日超话违规案例：🈲积分帖，如图1🈲无关水帖，如图2🈲提及别家，如图3【特别提醒】‼️不要发无相关贴，超话用于安利，多发安利贴（美图视频都可）‼️主超话不要发自拍或者暴露个人信息贴，保护好个人隐私❌宣宣再次提醒大家一下，禁求踢，求积分指路👉迪丽冷巴❣️超话发帖规则：O网页链接❣️超话管理组每天6:00～2:00都有管理员在岗，有需要屏蔽的帖子可私信网宣组哦！（私信不一一回复）,,,,,1,43,105,2020-03-01 23:08,迪丽热巴超话,"['http://ww3.sinaimg.cn/large/006cNlYYly1gcetvv08jjj30ty0zqqt6.jpg', 'http://ww1.sinaimg.cn/large/006cNlYYly1gcetvp04x9j30u00ye4j4.jpg', 'http://ww4.sinaimg.cn/large/006cNlYYly1gcetvzllw6j30u00z0k8c.jpg']",,
4477804768658389,IwE3yAkrr,6000532051,cv迪,迪丽热巴今天看见有8黑说，迪丽热巴都扑了那么多步剧了居然还能接到电视剧，资本力量真牛逼，我本来想上去骂几句的，后来想来想还是算了，8黑从来不会无聊寂寞，因为傻子欢乐多,,,,,0,31,158,2020-03-01 23:08,迪丽热巴超话,,,
4477804760490449,IwE3y23At,7315767525,恋迪慕颖_,🈲二改去水印.🉑二转加文字做视频.标明来源#迪丽热巴#迪丽热巴,,,,迪丽热巴,1,0,0,2020-03-01 23:08,OPPO智能手机,"['http://ww1.sinaimg.cn/large/007Z6dkply1gcetvoy2d5j30w01kwqkq.jpg', 'http://ww1.sinaimg.cn/large/007Z6dkply1gcetvppid3j311x1kw18b.jpg', 'http://ww2.sinaimg.cn/large/007Z6dkply1gcetvqguw5j30vz1kwapr.jpg', 'http://ww3.sinaimg.cn/large/007Z6dkply1gcetvr23nrj30w01kwdxy.jpg', 'http://ww4.sinaimg.cn/large/007Z6dkply1gcetvs2iooj30w01kwk9l.jpg']",,
4477804701302575,IwE3s5sRh,6989172492,要永远向前走,叮咚！我是今日份的小奖章！我在迪丽热巴超话等级达到LV.6，获得苏溢清头衔，想知道我是怎么获得的吗？来迪丽热巴找我聊聊吧~,,,,,0,0,0,2020-03-01 23:08,超话,,,
4477804672228206,IwE3p9lEO,7348648408,陆彡的酒RAqshdil_,我为迪丽热巴贡献51影响力，超话目前还差126582影响力超越上一名！戳这里→O网页链接~跟我一起打榜应援爱豆提升排名吧~,,,,,0,0,0,2020-03-01 23:08,超话,,,
4477804605604092,IwE3invSA,7315767525,恋迪慕颖_,🈲二改去水印.🉑二转加文字做视频.标明来源#迪丽热巴#迪丽热巴,,,,迪丽热巴,0,0,0,2020-03-01 23:07,OPPO智能手机,"['http://ww3.sinaimg.cn/large/007Z6dkply1gcetv0g2cbj311u1kwwru.jpg', 'http://ww2.sinaimg.cn/large/007Z6dkply1gcetv1micbj30w01kwdxq.jpg', 'http://ww2.sinaimg.cn/large/007Z6dkply1gcetv2dmqcj30pn19kam2.jpg', 'http://ww1.sinaimg.cn/large/007Z6dkply1gcetv3nvi8j30pm19ktjm.jpg', 'http://ww2.sinaimg.cn/large/007Z6dkply1gcetv47yadj30tn1grtnj.jpg', 'http://ww4.sinaimg.cn/large/007Z6dkply1gcetv4q1awj311v1kw14m.jpg', 'http://ww4.sinaimg.cn/large/007Z6dkply1gcetv59br0j311v1kw7jl.jpg', 'http://ww3.sinaimg.cn/large/007Z6dkply1gcetv64fhpj311v1kwdu2.jpg', 'http://ww4.sinaimg.cn/large/007Z6dkply1gcetv85auoj311u1kwk4x.jpg']",,
4477804605852230,IwE3ioyqO,5030133540,嘀嘀惹,免费兼职宝妈学生兼职有集美做兼职吗0会费简单好做不需要门槛我是一名在实习的大学生空余时间做做一天20到上不封顶能者多劳我以我喜欢的迪丽热巴起誓绝对放心靠谱,,,,,0,2,2,2020-03-01 23:07,免费兼职宝妈学生兼职超话,,,
4477804559241650,IwE3dCMaS,5030133540,嘀嘀惹,手机兼职赚钱有集美做兼职吗0会费简单好做不需要门槛我是一名在实习的大学生空余时间做做一天20到上不封顶能者多劳我以我喜欢的迪丽热巴起誓绝对放心靠谱,,,,,0,0,0,2020-03-01 23:07,手机兼职赚钱超话,,,
4477804547143145,IwE3ctYg1,3784791892,-程陌渊-,#三生三世枕上书#【枕上书】第二十七集白凤九X东华帝君迪丽热巴X高伟光“什么时候我带你去我们青丘看星星啊”去去去，看完星星把他锁青丘吧梵音谷副本开启🔛连三殿下有时候就是个憨憨小燕一直都是个憨憨,,,,三生三世枕上书,18,15,391,2020-03-01 23:07,-x x x-iPhone X,"['http://ww3.sinaimg.cn/large/e1975754ly1gcetszg6utj21hc0u0n4i.jpg', 'http://ww4.sinaimg.cn/large/e1975754ly1gcetszxkhbj21hc0u00y5.jpg', 'http://ww1.sinaimg.cn/large/e1975754ly1gcett0pauij21hc0u0ajb.jpg', 'http://ww3.sinaimg.cn/large/e1975754ly1gcett18r5zj21hc0u0n44.jpg', 'http://ww2.sinaimg.cn/large/e1975754ly1gcett233wuj21hc0u0tdc.jpg', 'http://ww2.sinaimg.cn/large/e1975754ly1gcett2vg6pj21hc0u010q.jpg', 'http://ww3.sinaimg.cn/large/e1975754ly1gcett54kz1j21hc0u011o.jpg', 'http://ww1.sinaimg.cn/large/e1975754ly1gcetsz2yrfj20rs0v9gro.jpg', 'http://ww4.sinaimg.cn/large/e1975754ly1gcett5v3krj21hc0u0n5g.jpg']",,
4477804517367974,IwE39uUKi,5030133540,嘀嘀惹,大学生兼职有集美做兼职吗0会费简单好做不需要门槛我是一名在实习的大学生空余时间做做一天20到上不封顶能者多劳我以我喜欢的迪丽热巴起誓绝对放心靠谱,,,,,0,0,0,2020-03-01 23:07,大学生兼职超话,,,
4477804475796034,IwE35ojOq,5030133540,嘀嘀惹,手机兼职有集美做兼职吗0会费简单好做不需要门槛我是一名在实习的大学生空余时间做做一天20到上不封顶能者多劳我以我喜欢的迪丽热巴起誓绝对放心靠谱,,,,,0,1,1,2020-03-01 23:07,手机兼职超话,,,
4477804458105341,IwE33y0zj,1834120382,贝克汉姆和欧文,迪丽热巴好看L贝克汉姆和欧文的微博视频,,,,,1,0,2,2020-03-01 23:07,迪丽热巴超话,,"http://f.video.weibocdn.com/003Buwj5gx07BmMHiG6c010412001FRW0E010.mp4?label=mp4_ld&template=360x632.24.0&trans_finger=81b11b8c5ffb62d33ceb3244bdd17e7b&ori=0&ps=1BVp4ysnknHVZu&Expires=1629790840&ssig=Mp4JVUngSp&KID=unistore,video",
4477804428864521,IwE30Bc49,5030133540,嘀嘀惹,孕妈宝妈学生免费兼职有集美做兼职吗0会费简单好做不需要门槛我是一名在实习的大学生空余时间做做一天20到上不封顶能者多劳我以我喜欢的迪丽热巴起誓绝对放心靠谱,,,,,0,0,1,2020-03-01 23:07,孕妈宝妈学生免费兼职超话,,,
4477804421299073,IwE305rWN,5196260174,椰汁味月亮,迪丽热巴低调低调，和咱们没关系，专注自家,,,,,1,1,40,2020-03-01 23:07,迪丽热巴超话,['http://ww1.sinaimg.cn/large/005FEYDYly1gcettygs5gj30go0b0t90.jpg'],,
4477804374552564,IwE2Vj6ks,7308934187,用户7308934187,还不知道怎么玩儿超话？我都在迪丽热巴超话是LV.4啦，还获得了江离头衔，来迪丽热巴找我聊天，我来给你划重点~✌️,,,,,0,0,0,2020-03-01 23:06,超话,,,
4477804370116040,IwE2V0ubC,5030133540,嘀嘀惹,免费兼职有集美做兼职吗0会费简单好做不需要门槛我是一名在实习的大学生空余时间做做一天20到上不封顶能者多劳我以我喜欢的迪丽热巴起誓绝对放心靠谱,,,,,0,0,0,2020-03-01 23:06,免费兼职超话,,,
4477804361910379,IwE2U80Yz,7147474561,伪x天使i,迪丽热巴超话太有趣啦~快来加入我们，大家一起玩起来吧，超话传送门→http://t.cn/RBS409d,,,,,0,0,0,2020-03-01 23:06,超话,,,
4477804328754451,IwE2QAJqP,5030133540,嘀嘀惹,兼职赚钱有集美做兼职吗0会费简单好做不需要门槛我是一名在实习的大学生空余时间做做一天20到上不封顶能者多劳我以我喜欢的迪丽热巴起誓绝对放心靠谱,,,,,0,0,0,2020-03-01 23:06,兼职赚钱超话,,,
4477804303460419,IwE2Oewdd,5985903182,试爱2006,迪丽热巴#迪丽热巴三生三世枕上书#我的天啊，终于圆了小九的梦了哈哈哈……小九终于抱的男神归啊恭喜小九美人儿O网页链接,,,,迪丽热巴三生三世枕上书,0,0,3,2020-03-01 23:06,小米6X 拍人更美,,,
4477804278433946,IwE2Lzo3o,5030133540,嘀嘀惹,宝妈兼职有集美做兼职吗0会费简单好做不需要门槛我是一名在实习的大学生空余时间做做一天20到上不封顶能者多劳我以我喜欢的迪丽热巴起誓绝对放心靠谱,,,,,0,0,0,2020-03-01 23:06,宝妈兼职超话,,,
4477804231795358,IwE2H7x3o,5030133540,嘀嘀惹,大学生免费兼职有集美做兼职吗0会费简单好做不需要门槛我是一名在实习的大学生空余时间做做一天20到上不封顶能者多劳我以我喜欢的迪丽热巴起誓绝对放心靠谱,,,,,0,0,0,2020-03-01 23:06,大学生免费兼职超话,,,
4477804185999456,IwE2CpaJq,5272433936,就喜欢你笑的模样,#迪丽热巴白凤九#dlrb#迪丽热巴三生三世枕上书#【迪丽热巴dlrb热巴四字女星九字女星大连日报滴滴叭叭】@Dear-迪丽热巴,,,Dear-迪丽热巴,"迪丽热巴白凤九,迪丽热巴三生三世枕上书",0,0,0,2020-03-01 23:06,Android,"['http://ww3.sinaimg.cn/large/005KOAV2ly1gcetso44k7g30li0jhqvg.jpg', 'http://ww2.sinaimg.cn/large/005KOAV2ly1gcett6ec0bg30r90hf7wp.jpg', 'http://ww2.sinaimg.cn/large/005KOAV2ly1gcetthdhnag30m00ce1l2.jpg']",,
4477804148543452,IwE2yzQxC,5261506251,用户5261506251,迪丽冷巴#迪丽热巴极限挑战##迪丽热巴白凤九#5.28积分贴,,,,"迪丽热巴极限挑战,迪丽热巴白凤九",1,0,0,2020-03-01 23:06,iPhone客户端,,,
4477804135083805,IwE2xlkwR,5030133540,嘀嘀惹,网络兼职有集美做兼职吗0会费简单好做不需要门槛我是一名在实习的大学生空余时间做做一天20到上不封顶能者多劳我以我喜欢的迪丽热巴起誓绝对放心靠谱,,,,,0,2,0,2020-03-01 23:06,网络兼职超话,,,
4477804084751575,IwE2sjW6j,7333235166,樱桃味的热巴小可爱,作为滴滴叭叭生命粉的我信奉三条热热喜欢谁我喜欢谁！热热说没有就是没有！热热说谁好谁就是好！不脑残但我就是护主！#迪丽热巴##迪丽热巴白凤九##迪丽热巴swisse品牌代言人##迪丽热巴三生三世枕上书#,,,,"迪丽热巴,迪丽热巴白凤九,迪丽热巴swisse品牌代言人,迪丽热巴三生三世枕上书",0,0,0,2020-03-01 23:05,vivo智能手机,"['http://ww4.sinaimg.cn/large/0080hvsyly1gcetrnl4paj30hs0g2gn7.jpg', 'http://ww4.sinaimg.cn/large/0080hvsyly1gcetrnzdjpj31900pydmb.jpg', 'http://ww1.sinaimg.cn/large/0080hvsyly1gcetro8ncoj30hk10ijsm.jpg']",,
